firm_id,year,industry,total_assets_musd,roa_pct,new_ceo_this_year,ceo_tenure_years
P01,2010,Materials,479,6.3,0,2
P01,2011,Materials,493,6.93,0,3
P01,2012,Materials,508,6.43,0,4
P01,2013,Materials,523,9.74,0,5
P01,2014,Materials,539,6.75,0,6
P01,2015,Materials,555,7.96,1,0
P01,2016,Materials,572,9.0,0,1
P01,2017,Materials,589,9.67,0,2
P01,2018,Materials,607,10.01,0,3
P01,2019,Materials,625,7.83,0,4
P01,2020,Materials,644,6.68,0,5
P01,2021,Materials,663,7.24,0,6
P01,2022,Materials,683,8.38,0,7
P01,2023,Materials,703,10.17,0,8
P01,2024,Materials,724,7.94,0,9
P01,2025,Materials,746,2.91,0,10
P02,2010,Materials,450,8.55,0,2
P02,2011,Materials,464,6.97,0,3
P02,2012,Materials,478,6.28,0,4
P02,2013,Materials,492,11.13,0,5
P02,2014,Materials,507,9.09,0,6
P02,2015,Materials,522,7.69,1,0
P02,2016,Materials,538,8.27,0,1
P02,2017,Materials,554,8.68,0,2
P02,2018,Materials,570,9.73,0,3
P02,2019,Materials,587,7.77,0,4
P02,2020,Materials,605,9.38,0,5
P02,2021,Materials,623,7.72,0,6
P02,2022,Materials,642,7.57,0,7
P02,2023,Materials,661,7.04,0,8
P02,2024,Materials,681,3.61,0,9
P02,2025,Materials,701,3.32,0,10
P03,2010,Industrial,521,9.99,0,2
P03,2011,Industrial,537,9.73,0,3
P03,2012,Industrial,553,11.31,0,4
P03,2013,Industrial,570,10.23,0,5
P03,2014,Industrial,587,12.76,1,0
P03,2015,Industrial,604,8.35,0,1
P03,2016,Industrial,622,6.4,0,2
P03,2017,Industrial,641,7.89,0,3
P03,2018,Industrial,660,7.62,0,4
P03,2019,Industrial,680,7.86,0,5
P03,2020,Industrial,700,8.17,0,6
P03,2021,Industrial,721,7.45,0,7
P03,2022,Industrial,743,11.03,0,8
P03,2023,Industrial,765,7.46,0,9
P03,2024,Industrial,788,9.64,0,10
P03,2025,Industrial,812,2.79,0,11
P04,2010,Consumer,1131,5.47,0,2
P04,2011,Consumer,1165,9.91,0,3
P04,2012,Consumer,1200,7.03,0,4
P04,2013,Consumer,1236,1.95,0,5
P04,2014,Consumer,1273,2.02,0,6
P04,2015,Consumer,1311,4.05,0,7
P04,2016,Consumer,1350,4.17,0,8
P04,2017,Consumer,1391,6.52,0,9
P04,2018,Consumer,1432,6.91,0,10
P04,2019,Consumer,1475,7.86,0,11
P04,2020,Consumer,1520,7.27,0,12
P04,2021,Consumer,1565,2.28,1,0
P04,2022,Consumer,1612,3.09,0,1
P04,2023,Consumer,1661,2.55,0,2
P04,2024,Consumer,1710,1.37,0,3
P04,2025,Consumer,1762,1.17,0,4
P05,2010,Healthcare,589,5.26,0,2
P05,2011,Healthcare,607,6.19,0,3
P05,2012,Healthcare,625,4.66,0,4
P05,2013,Healthcare,644,2.1,0,5
P05,2014,Healthcare,663,4.11,0,6
P05,2015,Healthcare,683,7.01,0,7
P05,2016,Healthcare,703,7.7,0,8
P05,2017,Healthcare,724,9.35,0,9
P05,2018,Healthcare,746,6.82,1,0
P05,2019,Healthcare,769,6.0,0,1
P05,2020,Healthcare,792,1.83,0,2
P05,2021,Healthcare,815,2.83,0,3
P05,2022,Healthcare,840,2.15,0,4
P05,2023,Healthcare,865,3.96,0,5
P05,2024,Healthcare,891,3.77,0,6
P05,2025,Healthcare,918,-0.72,0,7
P06,2010,Services,352,7.03,0,2
P06,2011,Services,362,6.35,0,3
P06,2012,Services,373,7.01,0,4
P06,2013,Services,384,7.94,0,5
P06,2014,Services,396,6.59,0,6
P06,2015,Services,408,5.33,0,7
P06,2016,Services,420,3.94,0,8
P06,2017,Services,433,8.12,0,9
P06,2018,Services,446,9.17,0,10
P06,2019,Services,459,6.42,1,0
P06,2020,Services,473,3.33,0,1
P06,2021,Services,487,4.92,0,2
P06,2022,Services,502,6.2,0,3
P06,2023,Services,517,6.81,0,4
P06,2024,Services,532,7.51,0,5
P06,2025,Services,548,0.91,0,6
P07,2010,Industrial,545,7.43,0,2
P07,2011,Industrial,561,5.92,0,3
P07,2012,Industrial,578,6.24,0,4
P07,2013,Industrial,596,5.32,0,5
P07,2014,Industrial,613,5.6,1,0
P07,2015,Industrial,632,3.02,0,1
P07,2016,Industrial,651,4.19,0,2
P07,2017,Industrial,670,8.92,0,3
P07,2018,Industrial,690,7.69,0,4
P07,2019,Industrial,711,9.09,0,5
P07,2020,Industrial,733,5.74,0,6
P07,2021,Industrial,755,7.27,0,7
P07,2022,Industrial,777,5.66,0,8
P07,2023,Industrial,800,6.67,0,9
P07,2024,Industrial,824,1.8,0,10
P07,2025,Industrial,849,1.93,0,11
P08,2010,Materials,601,7.3,0,2
P08,2011,Materials,619,5.84,0,3
P08,2012,Materials,637,3.99,0,4
P08,2013,Materials,656,7.13,0,5
P08,2014,Materials,676,11.11,0,6
P08,2015,Materials,696,6.09,0,7
P08,2016,Materials,717,8.28,0,8
P08,2017,Materials,739,6.44,0,9
P08,2018,Materials,761,7.49,0,10
P08,2019,Materials,784,6.36,1,0
P08,2020,Materials,807,10.15,0,1
P08,2021,Materials,832,10.07,0,2
P08,2022,Materials,857,10.41,0,3
P08,2023,Materials,882,10.65,0,4
P08,2024,Materials,909,10.17,0,5
P08,2025,Materials,936,3.99,0,6
P09,2010,Materials,418,11.94,0,2
P09,2011,Materials,431,10.19,0,3
P09,2012,Materials,443,8.86,0,4
P09,2013,Materials,457,10.78,0,5
P09,2014,Materials,470,7.33,0,6
P09,2015,Materials,485,7.59,0,7
P09,2016,Materials,499,9.43,0,8
P09,2017,Materials,514,10.65,0,9
P09,2018,Materials,530,11.9,0,10
P09,2019,Materials,545,10.75,0,11
P09,2020,Materials,562,2.93,1,0
P09,2021,Materials,579,5.56,0,1
P09,2022,Materials,596,3.33,0,2
P09,2023,Materials,614,6.81,0,3
P09,2024,Materials,632,6.21,0,4
P09,2025,Materials,651,4.92,0,5
P10,2010,Consumer,523,3.03,0,2
P10,2011,Consumer,539,1.75,0,3
P10,2012,Consumer,555,4.32,0,4
P10,2013,Consumer,572,4.28,0,5
P10,2014,Consumer,589,4.34,0,6
P10,2015,Consumer,607,0.62,0,7
P10,2016,Consumer,625,2.55,0,8
P10,2017,Consumer,644,5.02,0,9
P10,2018,Consumer,663,4.99,0,10
P10,2019,Consumer,683,5.36,1,0
P10,2020,Consumer,703,2.86,0,1
P10,2021,Consumer,725,4.48,0,2
P10,2022,Consumer,746,7.66,0,3
P10,2023,Consumer,769,3.59,0,4
P10,2024,Consumer,792,3.41,0,5
P10,2025,Consumer,815,-1.11,0,6
P11,2010,Tech,459,3.56,0,2
P11,2011,Tech,473,4.81,0,3
P11,2012,Tech,487,5.95,0,4
P11,2013,Tech,502,7.51,0,5
P11,2014,Tech,517,10.1,0,6
P11,2015,Tech,533,8.59,0,7
P11,2016,Tech,548,10.53,0,8
P11,2017,Tech,565,4.82,0,9
P11,2018,Tech,582,6.61,0,10
P11,2019,Tech,599,6.45,0,11
P11,2020,Tech,617,6.91,1,0
P11,2021,Tech,636,9.82,0,1
P11,2022,Tech,655,12.36,0,2
P11,2023,Tech,675,7.11,0,3
P11,2024,Tech,695,7.45,0,4
P11,2025,Tech,716,2.53,0,5
P12,2010,Tech,732,8.0,0,2
P12,2011,Tech,754,5.18,0,3
P12,2012,Tech,776,5.65,0,4
P12,2013,Tech,800,10.4,0,5
P12,2014,Tech,824,8.91,0,6
P12,2015,Tech,848,10.64,0,7
P12,2016,Tech,874,7.59,1,0
P12,2017,Tech,900,5.85,0,1
P12,2018,Tech,927,8.6,0,2
P12,2019,Tech,955,6.29,0,3
P12,2020,Tech,984,7.75,0,4
P12,2021,Tech,1013,6.92,0,5
P12,2022,Tech,1043,4.97,0,6
P12,2023,Tech,1075,4.34,0,7
P12,2024,Tech,1107,4.23,0,8
P12,2025,Tech,1140,1.59,0,9
P13,2010,Services,348,11.84,0,2
P13,2011,Services,358,11.16,0,3
P13,2012,Services,369,10.63,0,4
P13,2013,Services,380,11.58,0,5
P13,2014,Services,392,9.76,0,6
P13,2015,Services,403,10.62,0,7
P13,2016,Services,415,10.98,0,8
P13,2017,Services,428,8.11,0,9
P13,2018,Services,441,7.97,0,10
P13,2019,Services,454,7.84,0,11
P13,2020,Services,468,6.32,1,0
P13,2021,Services,482,7.42,0,1
P13,2022,Services,496,7.87,0,2
P13,2023,Services,511,9.37,0,3
P13,2024,Services,526,7.45,0,4
P13,2025,Services,542,6.24,0,5
P14,2010,Services,611,7.59,0,2
P14,2011,Services,629,7.5,0,3
P14,2012,Services,648,11.61,0,4
P14,2013,Services,668,9.39,0,5
P14,2014,Services,688,9.48,0,6
P14,2015,Services,708,7.12,0,7
P14,2016,Services,730,7.75,0,8
P14,2017,Services,751,10.88,0,9
P14,2018,Services,774,10.24,1,0
P14,2019,Services,797,8.57,0,1
P14,2020,Services,821,9.29,0,2
P14,2021,Services,846,8.1,0,3
P14,2022,Services,871,11.05,0,4
P14,2023,Services,897,10.01,0,5
P14,2024,Services,924,11.4,0,6
P14,2025,Services,952,3.4,0,7
P15,2010,Services,488,13.59,0,2
P15,2011,Services,503,10.74,0,3
P15,2012,Services,518,10.5,0,4
P15,2013,Services,534,11.48,1,0
P15,2014,Services,550,11.78,0,1
P15,2015,Services,566,13.44,0,2
P15,2016,Services,583,12.65,0,3
P15,2017,Services,601,10.85,0,4
P15,2018,Services,619,10.71,0,5
P15,2019,Services,637,8.51,0,6
P15,2020,Services,656,8.57,0,7
P15,2021,Services,676,10.2,0,8
P15,2022,Services,696,10.21,0,9
P15,2023,Services,717,10.22,0,10
P15,2024,Services,739,7.69,0,11
P15,2025,Services,761,6.11,0,12
P16,2010,Materials,513,5.54,0,2
P16,2011,Materials,528,6.25,0,3
P16,2012,Materials,544,5.25,0,4
P16,2013,Materials,560,3.91,0,5
P16,2014,Materials,577,1.94,0,6
P16,2015,Materials,594,6.27,0,7
P16,2016,Materials,612,6.42,0,8
P16,2017,Materials,631,3.82,0,9
P16,2018,Materials,650,2.88,0,10
P16,2019,Materials,669,2.29,1,0
P16,2020,Materials,689,6.26,0,1
P16,2021,Materials,710,7.08,0,2
P16,2022,Materials,731,4.1,0,3
P16,2023,Materials,753,3.6,0,4
P16,2024,Materials,776,3.18,0,5
P16,2025,Materials,799,-0.06,0,6
P17,2010,Services,933,4.15,0,2
P17,2011,Services,961,3.08,0,3
P17,2012,Services,990,5.57,0,4
P17,2013,Services,1020,2.99,0,5
P17,2014,Services,1050,4.36,1,0
P17,2015,Services,1082,6.4,0,1
P17,2016,Services,1114,2.98,0,2
P17,2017,Services,1148,2.66,0,3
P17,2018,Services,1182,4.79,0,4
P17,2019,Services,1218,5.73,0,5
P17,2020,Services,1254,2.74,0,6
P17,2021,Services,1292,7.01,0,7
P17,2022,Services,1331,3.16,0,8
P17,2023,Services,1371,3.52,0,9
P17,2024,Services,1412,4.97,0,10
P17,2025,Services,1454,-0.67,0,11
P18,2010,Healthcare,362,10.26,0,2
P18,2011,Healthcare,373,9.64,0,3
P18,2012,Healthcare,384,7.77,0,4
P18,2013,Healthcare,396,7.46,0,5
P18,2014,Healthcare,407,6.67,0,6
P18,2015,Healthcare,420,9.4,0,7
P18,2016,Healthcare,432,7.42,0,8
P18,2017,Healthcare,445,7.87,0,9
P18,2018,Healthcare,459,8.92,0,10
P18,2019,Healthcare,472,7.48,0,11
P18,2020,Healthcare,487,10.41,0,12
P18,2021,Healthcare,501,9.85,1,0
P18,2022,Healthcare,516,8.85,0,1
P18,2023,Healthcare,532,8.79,0,2
P18,2024,Healthcare,548,8.66,0,3
P18,2025,Healthcare,564,3.36,0,4
P19,2010,Industrial,1070,12.33,0,2
P19,2011,Industrial,1102,11.09,0,3
P19,2012,Industrial,1135,12.24,0,4
P19,2013,Industrial,1169,14.75,0,5
P19,2014,Industrial,1204,15.58,0,6
P19,2015,Industrial,1240,15.19,1,0
P19,2016,Industrial,1278,14.97,0,1
P19,2017,Industrial,1316,12.94,0,2
P19,2018,Industrial,1355,13.4,0,3
P19,2019,Industrial,1396,12.24,0,4
P19,2020,Industrial,1438,13.66,0,5
P19,2021,Industrial,1481,15.03,0,6
P19,2022,Industrial,1526,12.58,0,7
P19,2023,Industrial,1571,14.08,0,8
P19,2024,Industrial,1618,14.03,0,9
P19,2025,Industrial,1667,10.2,0,10
P20,2010,Tech,606,8.81,0,2
P20,2011,Tech,625,8.87,0,3
P20,2012,Tech,643,9.43,0,4
P20,2013,Tech,663,9.43,0,5
P20,2014,Tech,682,8.26,0,6
P20,2015,Tech,703,9.03,0,7
P20,2016,Tech,724,6.36,0,8
P20,2017,Tech,746,8.77,0,9
P20,2018,Tech,768,9.04,0,10
P20,2019,Tech,791,7.06,1,0
P20,2020,Tech,815,8.27,0,1
P20,2021,Tech,839,7.91,0,2
P20,2022,Tech,865,9.91,0,3
P20,2023,Tech,890,8.32,0,4
P20,2024,Tech,917,6.9,0,5
P20,2025,Tech,945,3.19,0,6
