rep_id,attainment_2024_pct,territory_potential_2024
R0001,90.0,0.76
R0002,119.0,1.37
R0003,106.0,0.4
R0004,90.0,0.79
R0005,95.0,0.86
R0006,76.0,1.68
R0007,46.0,0.47
R0008,108.0,1.46
R0009,99.0,0.6
R0010,80.0,1.14
R0011,96.0,0.94
R0012,100.0,0.73
R0013,109.0,0.35
R0014,90.0,0.59
R0015,88.0,3.68
R0016,112.0,0.7
R0017,67.0,1.9
R0018,76.0,3.07
R0019,83.0,0.58
R0020,95.0,2.24
R0021,82.0,1.31
R0022,103.0,0.95
R0023,84.0,0.64
R0024,90.0,0.71
R0025,79.0,1.0
R0026,77.0,0.65
R0027,124.0,1.15
R0028,118.0,0.78
R0029,57.0,0.71
R0030,126.0,0.64
R0031,81.0,1.57
R0032,96.0,0.45
R0033,124.0,0.47
R0034,86.0,0.54
R0035,96.0,0.6
R0036,94.0,0.69
R0037,108.0,0.28
R0038,78.0,1.78
R0039,113.0,0.75
R0040,86.0,1.25
R0041,89.0,0.91
R0042,103.0,1.12
R0043,109.0,1.68
R0044,117.0,0.81
R0045,101.0,0.59
R0046,114.0,1.38
R0047,89.0,0.48
R0048,102.0,0.72
R0049,140.0,0.67
R0050,123.0,0.91
R0051,144.0,0.59
R0052,94.0,0.41
R0053,88.0,1.12
R0054,89.0,0.73
R0055,112.0,1.01
R0056,109.0,1.63
R0057,108.0,0.45
R0058,97.0,0.55
R0059,115.0,0.99
R0060,115.0,0.92
R0061,125.0,0.7
R0062,144.0,0.58
R0063,57.0,0.34
R0064,81.0,0.73
R0065,111.0,0.77
R0066,129.0,0.62
R0067,104.0,0.91
R0068,102.0,0.48
R0069,109.0,0.63
R0070,103.0,1.64
R0071,112.0,0.37
R0072,84.0,1.57
R0073,99.0,0.49
R0074,76.0,0.45
R0075,100.0,0.66
R0076,99.0,0.66
R0077,108.0,0.98
R0078,108.0,0.65
R0079,105.0,0.71
R0080,103.0,0.55
R0081,97.0,1.23
R0082,125.0,1.13
R0083,116.0,0.61
R0084,90.0,0.59
R0085,110.0,0.99
R0086,101.0,0.52
R0087,87.0,0.83
R0088,102.0,0.97
R0089,128.0,0.41
R0090,134.0,1.24
R0091,95.0,2.01
R0092,114.0,0.51
R0093,83.0,0.6
R0094,67.0,0.75
R0095,139.0,0.84
R0096,89.0,1.21
R0097,122.0,1.46
R0098,117.0,2.21
R0099,107.0,2.16
R0100,114.0,0.45
R0101,102.0,0.66
R0102,98.0,0.64
R0103,121.0,2.62
R0104,125.0,0.27
R0105,78.0,1.27
R0106,53.0,0.58
R0107,96.0,1.23
R0108,133.0,1.03
R0109,88.0,0.7
R0110,83.0,0.63
R0111,64.0,0.63
R0112,93.0,1.33
R0113,87.0,1.52
R0114,104.0,0.84
R0115,128.0,0.98
R0116,121.0,1.42
R0117,114.0,0.94
R0118,119.0,1.29
R0119,108.0,0.91
R0120,94.0,0.68
R0121,105.0,0.46
R0122,82.0,0.39
R0123,106.0,0.77
R0124,80.0,0.32
R0125,78.0,0.74
R0126,73.0,0.77
R0127,71.0,1.38
R0128,104.0,0.82
R0129,152.0,2.18
R0130,81.0,0.56
R0131,87.0,0.66
R0132,108.0,0.93
R0133,124.0,0.39
R0134,89.0,0.43
R0135,98.0,1.05
R0136,96.0,1.03
R0137,97.0,0.67
R0138,105.0,1.18
R0139,78.0,0.47
R0140,89.0,0.38
R0141,105.0,1.35
R0142,102.0,1.12
R0143,83.0,1.08
R0144,100.0,0.52
R0145,86.0,0.7
R0146,131.0,0.33
R0147,94.0,0.86
R0148,114.0,0.92
R0149,86.0,1.7
R0150,98.0,0.4
R0151,102.0,0.72
R0152,97.0,0.42
R0153,133.0,2.13
R0154,80.0,0.6
R0155,129.0,0.5
R0156,125.0,1.64
R0157,83.0,0.43
R0158,83.0,0.71
R0159,93.0,0.48
R0160,118.0,0.75
R0161,76.0,0.48
R0162,89.0,1.13
R0163,105.0,1.52
R0164,98.0,1.36
R0165,113.0,0.59
R0166,101.0,0.89
R0167,113.0,0.68
R0168,123.0,2.11
R0169,103.0,0.76
R0170,105.0,2.06
R0171,81.0,2.89
R0172,88.0,2.53
R0173,91.0,3.53
R0174,55.0,0.87
R0175,94.0,0.53
R0176,84.0,1.74
R0177,65.0,1.67
R0178,120.0,0.75
R0179,112.0,1.03
R0180,93.0,0.79
R0181,73.0,0.57
R0182,76.0,1.64
R0183,115.0,0.9
R0184,134.0,2.42
R0185,133.0,3.32
R0186,97.0,1.25
R0187,108.0,1.26
R0188,91.0,1.53
R0189,109.0,1.32
R0190,93.0,1.74
R0191,63.0,0.59
R0192,65.0,0.72
R0193,106.0,0.38
R0194,84.0,0.55
R0195,125.0,0.5
R0196,90.0,1.88
R0197,137.0,0.94
R0198,144.0,1.55
R0199,99.0,1.6
R0200,76.0,0.62
R0201,124.0,0.37
R0202,104.0,0.58
R0203,106.0,0.77
R0204,125.0,0.64
R0205,75.0,2.9
R0206,111.0,1.0
R0207,96.0,1.05
R0208,88.0,3.51
R0209,110.0,3.03
R0210,87.0,0.46
R0211,77.0,0.5
R0212,73.0,2.17
R0213,107.0,0.59
R0214,71.0,1.42
R0215,87.0,0.85
R0216,99.0,0.83
R0217,72.0,0.49
R0218,78.0,0.73
R0219,104.0,1.22
R0220,108.0,0.64
R0221,91.0,0.96
R0222,102.0,2.12
R0223,111.0,0.75
R0224,67.0,1.21
R0225,107.0,0.83
R0226,116.0,1.14
R0227,81.0,0.87
R0228,81.0,0.61
R0229,80.0,0.56
R0230,110.0,0.56
R0231,82.0,0.72
R0232,102.0,1.73
R0233,100.0,0.63
R0234,99.0,1.98
R0235,100.0,0.67
R0236,99.0,0.48
R0237,113.0,0.33
R0238,91.0,2.25
R0239,100.0,1.1
R0240,94.0,0.66
R0241,71.0,2.28
R0242,142.0,2.58
R0243,101.0,0.64
R0244,111.0,1.11
R0245,131.0,0.56
R0246,72.0,0.59
R0247,85.0,0.55
R0248,99.0,2.63
R0249,105.0,0.6
R0250,113.0,0.33
R0251,111.0,0.76
R0252,135.0,0.68
R0253,98.0,2.83
R0254,92.0,0.73
R0255,94.0,0.71
R0256,91.0,1.14
R0257,133.0,0.88
R0258,77.0,0.95
R0259,93.0,0.47
R0260,105.0,1.12
R0261,115.0,2.14
R0262,68.0,0.7
R0263,104.0,0.97
R0264,103.0,1.43
R0265,100.0,0.98
R0266,93.0,0.79
R0267,78.0,0.87
R0268,117.0,0.96
R0269,103.0,0.54
R0270,96.0,0.87
R0271,88.0,1.07
R0272,87.0,1.14
R0273,144.0,3.52
R0274,87.0,0.5
R0275,89.0,0.6
R0276,102.0,0.92
R0277,127.0,1.97
R0278,115.0,0.53
R0279,123.0,0.44
R0280,106.0,1.85
R0281,98.0,0.77
R0282,110.0,0.82
R0283,110.0,0.61
R0284,94.0,0.67
R0285,105.0,3.25
R0286,78.0,1.91
R0287,93.0,0.75
R0288,82.0,0.48
R0289,136.0,1.09
R0290,87.0,0.9
R0291,123.0,0.7
R0292,113.0,1.86
R0293,85.0,0.52
R0294,115.0,1.07
R0295,87.0,1.72
R0296,94.0,0.58
R0297,79.0,0.93
R0298,85.0,0.65
R0299,81.0,0.57
R0300,95.0,0.6
R0301,92.0,0.42
R0302,52.0,0.9
R0303,115.0,1.04
R0304,91.0,0.81
R0305,92.0,0.8
R0306,106.0,1.73
R0307,78.0,0.58
R0308,101.0,0.9
R0309,53.0,0.99
R0310,132.0,0.95
R0311,113.0,0.69
R0312,115.0,0.55
R0313,120.0,0.29
R0314,73.0,1.74
R0315,74.0,0.48
R0316,75.0,0.56
R0317,102.0,1.58
R0318,90.0,1.13
R0319,130.0,0.48
R0320,74.0,1.61
R0321,133.0,0.7
R0322,113.0,0.51
R0323,92.0,0.8
R0324,82.0,1.2
R0325,108.0,0.91
R0326,121.0,1.09
R0327,68.0,0.95
R0328,95.0,0.72
R0329,103.0,0.7
R0330,106.0,0.77
R0331,100.0,1.28
R0332,112.0,0.57
R0333,84.0,1.3
R0334,104.0,0.68
R0335,115.0,1.41
R0336,94.0,0.53
R0337,69.0,0.51
R0338,123.0,0.58
R0339,59.0,0.52
R0340,52.0,0.51
R0341,89.0,0.65
R0342,91.0,1.07
R0343,115.0,1.02
R0344,107.0,1.31
R0345,101.0,0.94
R0346,103.0,1.08
R0347,53.0,0.6
R0348,75.0,0.86
R0349,100.0,1.2
R0350,104.0,0.34
R0351,73.0,0.72
R0352,112.0,0.53
R0353,75.0,0.5
R0354,114.0,0.87
R0355,143.0,0.84
R0356,75.0,1.39
R0357,84.0,3.58
R0358,96.0,1.14
R0359,106.0,0.83
R0360,113.0,1.31
R0361,82.0,1.46
R0362,105.0,1.77
R0363,78.0,0.97
R0364,101.0,0.67
R0365,106.0,1.21
R0366,126.0,1.97
R0367,134.0,1.01
R0368,84.0,0.97
R0369,98.0,0.84
R0370,94.0,1.19
R0371,98.0,0.59
R0372,117.0,0.69
R0373,76.0,0.66
R0374,92.0,1.73
R0375,131.0,2.19
R0376,110.0,0.54
R0377,110.0,0.77
R0378,97.0,1.29
R0379,115.0,0.43
R0380,94.0,0.55
R0381,98.0,2.86
R0382,87.0,0.4
R0383,86.0,0.43
R0384,84.0,1.14
R0385,97.0,0.99
R0386,80.0,0.8
R0387,151.0,1.75
R0388,93.0,1.42
R0389,92.0,1.28
R0390,104.0,2.6
R0391,76.0,0.41
R0392,105.0,0.35
R0393,99.0,0.83
R0394,91.0,0.47
R0395,149.0,0.73
R0396,106.0,0.75
R0397,99.0,1.19
R0398,93.0,0.73
R0399,72.0,0.86
R0400,134.0,0.94
R0401,96.0,0.37
R0402,79.0,0.53
R0403,68.0,2.82
R0404,91.0,0.5
R0405,90.0,0.43
R0406,74.0,0.74
R0407,91.0,1.6
R0408,102.0,3.65
R0409,115.0,1.58
R0410,134.0,0.67
R0411,83.0,0.61
R0412,96.0,2.77
R0413,109.0,0.94
R0414,100.0,1.95
R0415,86.0,0.69
R0416,101.0,0.8
R0417,116.0,0.47
R0418,100.0,0.7
R0419,101.0,0.44
R0420,105.0,1.2
R0421,91.0,1.13
R0422,107.0,1.18
R0423,82.0,0.51
R0424,131.0,3.07
R0425,109.0,0.4
R0426,106.0,1.8
R0427,114.0,0.66
R0428,108.0,0.9
R0429,86.0,0.76
R0430,115.0,1.15
R0431,82.0,0.53
R0432,76.0,0.36
R0433,70.0,2.14
R0434,65.0,0.98
R0435,91.0,0.83
R0436,96.0,0.92
R0437,102.0,0.71
R0438,105.0,0.51
R0439,81.0,0.64
R0440,119.0,0.81
R0441,106.0,0.98
R0442,97.0,0.87
R0443,132.0,1.38
R0444,142.0,1.0
R0445,109.0,1.38
R0446,120.0,1.3
R0447,110.0,2.49
R0448,134.0,1.15
R0449,81.0,1.14
R0450,106.0,0.62
R0451,115.0,0.54
R0452,64.0,1.16
R0453,112.0,1.17
R0454,94.0,1.03
R0455,103.0,0.51
R0456,87.0,0.51
R0457,53.0,1.07
R0458,88.0,2.92
R0459,124.0,0.85
R0460,105.0,0.85
R0461,97.0,1.3
R0462,71.0,0.6
R0463,141.0,3.05
R0464,40.0,0.95
R0465,120.0,2.89
R0466,89.0,2.51
R0467,111.0,0.54
R0468,118.0,0.53
R0469,87.0,2.37
R0470,87.0,2.7
R0471,95.0,0.85
R0472,114.0,0.46
R0473,111.0,1.78
R0474,96.0,0.57
R0475,93.0,0.8
R0476,89.0,0.92
R0477,94.0,0.67
R0478,74.0,1.78
R0479,93.0,0.68
R0480,100.0,1.54
R0481,108.0,0.9
R0482,115.0,1.7
R0483,111.0,0.43
R0484,101.0,0.42
R0485,115.0,2.21
R0486,137.0,1.37
R0487,104.0,0.66
R0488,105.0,0.92
R0489,138.0,0.88
R0490,91.0,0.74
R0491,122.0,0.74
R0492,133.0,0.49
R0493,86.0,0.32
R0494,98.0,0.72
R0495,87.0,0.68
R0496,120.0,1.39
R0497,73.0,1.44
R0498,109.0,0.62
R0499,93.0,2.4
R0500,78.0,0.4
R0501,92.0,0.36
R0502,81.0,1.65
R0503,66.0,0.5
R0504,118.0,0.62
R0505,109.0,2.47
R0506,104.0,0.66
R0507,102.0,0.46
R0508,86.0,1.23
R0509,76.0,0.87
R0510,124.0,2.5
R0511,97.0,2.25
R0512,74.0,2.4
R0513,67.0,0.51
R0514,107.0,0.71
R0515,48.0,0.55
R0516,91.0,1.25
R0517,114.0,1.42
R0518,83.0,0.77
R0519,85.0,0.84
R0520,111.0,0.57
R0521,120.0,0.58
R0522,96.0,0.94
R0523,90.0,1.42
R0524,70.0,0.67
R0525,107.0,0.52
R0526,98.0,0.59
R0527,84.0,0.43
R0528,61.0,0.47
R0529,106.0,0.96
R0530,100.0,2.58
R0531,100.0,1.68
R0532,112.0,0.54
R0533,110.0,0.76
R0534,112.0,1.1
R0535,95.0,1.42
R0536,119.0,0.96
R0537,74.0,1.41
R0538,111.0,1.11
R0539,91.0,1.74
R0540,63.0,0.35
R0541,103.0,0.76
R0542,126.0,0.78
R0543,79.0,0.58
R0544,128.0,0.27
R0545,113.0,0.6
R0546,85.0,2.53
R0547,86.0,0.91
R0548,133.0,0.51
R0549,103.0,0.86
R0550,84.0,0.48
R0551,105.0,0.58
R0552,113.0,0.7
R0553,88.0,1.19
R0554,69.0,0.83
R0555,98.0,0.67
R0556,95.0,1.38
R0557,108.0,2.07
R0558,106.0,1.89
R0559,72.0,1.51
R0560,105.0,0.49
R0561,111.0,2.56
R0562,86.0,0.99
R0563,90.0,0.79
R0564,94.0,1.21
R0565,100.0,1.36
R0566,78.0,2.16
R0567,83.0,1.37
R0568,107.0,0.67
R0569,97.0,0.53
R0570,105.0,1.56
R0571,109.0,0.29
R0572,93.0,0.86
R0573,130.0,2.61
R0574,85.0,0.71
R0575,86.0,0.55
R0576,92.0,0.4
R0577,79.0,1.17
R0578,118.0,0.68
R0579,114.0,1.7
R0580,120.0,0.67
R0581,107.0,1.15
R0582,119.0,0.64
R0583,91.0,0.48
R0584,73.0,1.18
R0585,99.0,2.14
R0586,107.0,0.34
R0587,102.0,1.04
R0588,91.0,1.81
R0589,69.0,0.63
R0590,93.0,1.01
R0591,91.0,0.83
R0592,102.0,0.5
R0593,104.0,2.21
R0594,136.0,0.85
R0595,105.0,1.66
R0596,105.0,1.02
R0597,103.0,2.34
R0598,92.0,1.15
R0599,99.0,0.58
R0600,117.0,0.53
R0601,70.0,1.02
R0602,102.0,0.62
R0603,87.0,0.5
R0604,96.0,1.7
R0605,85.0,1.1
R0606,75.0,1.65
R0607,106.0,1.09
R0608,93.0,1.36
R0609,150.0,0.82
R0610,121.0,1.2
R0611,64.0,1.09
R0612,77.0,0.74
R0613,118.0,0.72
R0614,110.0,0.41
R0615,63.0,0.44
R0616,40.0,0.91
R0617,98.0,0.53
R0618,81.0,0.48
R0619,56.0,2.41
R0620,93.0,1.23
R0621,124.0,0.69
R0622,88.0,0.45
R0623,100.0,1.11
R0624,89.0,1.5
R0625,126.0,0.84
R0626,131.0,0.74
R0627,88.0,2.14
R0628,107.0,0.38
R0629,95.0,1.52
R0630,97.0,1.29
R0631,104.0,0.97
R0632,92.0,0.73
R0633,104.0,1.2
R0634,111.0,0.6
R0635,116.0,1.84
R0636,77.0,1.65
R0637,98.0,0.86
R0638,73.0,1.32
R0639,87.0,0.39
R0640,102.0,0.87
R0641,72.0,0.95
R0642,121.0,0.58
R0643,114.0,0.69
R0644,105.0,0.81
R0645,102.0,1.79
R0646,104.0,2.76
R0647,114.0,1.77
R0648,73.0,0.37
R0649,93.0,0.45
R0650,122.0,1.59
R0651,141.0,0.53
R0652,106.0,1.39
R0653,83.0,0.97
R0654,65.0,1.38
R0655,124.0,2.64
R0656,96.0,2.75
R0657,110.0,2.22
R0658,118.0,2.6
R0659,118.0,1.0
R0660,109.0,0.82
R0661,113.0,0.96
R0662,76.0,1.85
R0663,95.0,2.15
R0664,83.0,0.39
R0665,105.0,0.95
R0666,112.0,1.11
R0667,69.0,1.51
R0668,80.0,2.88
R0669,96.0,0.69
R0670,114.0,1.16
R0671,95.0,0.59
R0672,93.0,0.65
R0673,87.0,0.5
R0674,112.0,0.85
R0675,114.0,0.77
R0676,113.0,0.43
R0677,122.0,0.32
R0678,129.0,0.52
R0679,109.0,1.24
R0680,99.0,1.91
R0681,136.0,0.4
R0682,122.0,1.07
R0683,87.0,0.27
R0684,79.0,1.02
R0685,83.0,1.68
R0686,100.0,0.59
R0687,64.0,0.45
R0688,94.0,1.77
R0689,113.0,0.55
R0690,109.0,0.72
R0691,79.0,0.64
R0692,111.0,1.19
R0693,122.0,1.98
R0694,99.0,0.75
R0695,82.0,1.62
R0696,95.0,0.76
R0697,126.0,0.44
R0698,110.0,1.23
R0699,72.0,2.09
R0700,61.0,0.91
R0701,58.0,1.78
R0702,121.0,1.19
R0703,83.0,0.75
R0704,115.0,0.93
R0705,107.0,0.84
R0706,94.0,0.86
R0707,138.0,1.44
R0708,136.0,2.38
R0709,103.0,0.81
R0710,128.0,0.32
R0711,115.0,2.46
R0712,99.0,1.65
R0713,115.0,1.55
R0714,71.0,0.54
R0715,112.0,0.33
R0716,100.0,0.84
R0717,102.0,1.67
R0718,125.0,2.97
R0719,88.0,0.64
R0720,124.0,0.7
R0721,69.0,1.01
R0722,108.0,0.58
R0723,117.0,2.9
R0724,63.0,1.48
R0725,93.0,1.22
R0726,86.0,1.34
R0727,75.0,0.86
R0728,89.0,0.31
R0729,121.0,2.75
R0730,91.0,0.56
R0731,113.0,0.62
R0732,92.0,0.86
R0733,97.0,0.8
R0734,131.0,1.05
R0735,78.0,0.8
R0736,122.0,1.4
R0737,107.0,0.59
R0738,110.0,0.95
R0739,85.0,2.17
R0740,86.0,0.62
R0741,88.0,0.65
R0742,87.0,0.79
R0743,144.0,1.16
R0744,81.0,0.98
R0745,151.0,0.54
R0746,127.0,1.27
R0747,117.0,0.66
R0748,69.0,0.56
R0749,145.0,0.51
R0750,88.0,2.98
R0751,123.0,0.54
R0752,147.0,1.46
R0753,85.0,0.96
R0754,85.0,1.86
R0755,134.0,1.65
R0756,91.0,0.27
R0757,101.0,0.36
R0758,100.0,0.58
R0759,134.0,0.46
R0760,150.0,0.54
R0761,94.0,1.16
R0762,90.0,0.74
R0763,107.0,0.68
R0764,116.0,1.08
R0765,96.0,0.93
R0766,126.0,1.99
R0767,134.0,0.62
R0768,135.0,0.68
R0769,95.0,1.05
R0770,76.0,0.76
R0771,107.0,1.04
R0772,148.0,0.83
R0773,84.0,1.79
R0774,80.0,0.57
R0775,85.0,0.94
R0776,76.0,0.45
R0777,71.0,0.46
R0778,93.0,0.98
R0779,92.0,1.09
R0780,88.0,0.22
R0781,110.0,0.88
R0782,97.0,2.65
R0783,107.0,0.41
R0784,80.0,0.68
R0785,118.0,1.54
R0786,89.0,0.63
R0787,107.0,0.89
R0788,119.0,1.53
R0789,108.0,1.54
R0790,68.0,0.9
R0791,106.0,0.6
R0792,106.0,0.56
R0793,70.0,4.14
R0794,108.0,1.19
R0795,121.0,0.89
R0796,94.0,0.42
R0797,124.0,2.18
R0798,133.0,2.23
R0799,92.0,0.8
R0800,121.0,0.91
R0801,82.0,0.55
R0802,111.0,2.94
R0803,130.0,0.81
R0804,115.0,0.65
R0805,62.0,1.32
R0806,129.0,0.67
R0807,115.0,0.67
R0808,64.0,0.65
R0809,100.0,0.58
R0810,105.0,1.59
R0811,135.0,0.37
R0812,108.0,1.82
R0813,134.0,0.4
R0814,120.0,0.27
R0815,97.0,1.1
R0816,71.0,0.57
R0817,110.0,0.95
R0818,80.0,3.05
R0819,79.0,1.69
R0820,91.0,1.97
R0821,117.0,1.81
R0822,119.0,0.48
R0823,144.0,1.39
R0824,90.0,0.54
R0825,85.0,1.74
R0826,107.0,1.73
R0827,110.0,1.23
R0828,82.0,1.12
R0829,77.0,0.44
R0830,138.0,0.81
R0831,85.0,1.59
R0832,97.0,0.62
R0833,103.0,0.73
R0834,90.0,1.27
R0835,128.0,0.59
R0836,93.0,0.57
R0837,84.0,0.58
R0838,103.0,0.95
R0839,117.0,0.59
R0840,115.0,0.55
R0841,101.0,2.48
R0842,66.0,0.98
R0843,107.0,1.79
R0844,55.0,1.22
R0845,86.0,0.62
R0846,90.0,0.51
R0847,154.0,0.42
R0848,94.0,0.69
R0849,118.0,1.44
R0850,92.0,1.35
R0851,135.0,0.49
R0852,53.0,1.35
R0853,125.0,0.82
R0854,84.0,0.7
R0855,93.0,0.88
R0856,105.0,0.54
R0857,80.0,0.47
R0858,85.0,1.17
R0859,81.0,1.03
R0860,92.0,0.53
R0861,98.0,0.97
R0862,120.0,0.62
R0863,94.0,0.8
R0864,101.0,1.58
R0865,94.0,2.08
R0866,105.0,0.37
R0867,107.0,0.71
R0868,95.0,1.24
R0869,113.0,0.42
R0870,71.0,0.49
R0871,104.0,1.62
R0872,99.0,0.67
R0873,110.0,1.39
R0874,89.0,0.93
R0875,126.0,1.78
R0876,109.0,0.47
R0877,89.0,2.67
R0878,80.0,0.59
R0879,93.0,0.78
R0880,135.0,0.61
R0881,64.0,0.85
R0882,114.0,1.75
R0883,107.0,1.55
R0884,83.0,0.77
R0885,67.0,0.67
R0886,91.0,1.68
R0887,110.0,1.33
R0888,90.0,1.64
R0889,61.0,0.99
R0890,89.0,0.83
R0891,93.0,0.42
R0892,101.0,0.96
R0893,95.0,0.44
R0894,102.0,2.64
R0895,71.0,1.78
R0896,137.0,0.96
R0897,129.0,0.53
R0898,114.0,1.18
R0899,83.0,2.43
R0900,98.0,0.33
R0901,91.0,0.97
R0902,107.0,0.9
R0903,87.0,0.38
R0904,121.0,0.48
R0905,104.0,0.58
R0906,74.0,0.61
R0907,77.0,0.77
R0908,86.0,0.58
R0909,98.0,0.87
R0910,97.0,0.8
R0911,113.0,0.95
R0912,86.0,1.4
R0913,78.0,2.69
R0914,130.0,1.43
R0915,104.0,0.79
R0916,121.0,1.83
R0917,119.0,0.62
R0918,118.0,1.7
R0919,112.0,0.79
R0920,110.0,0.99
R0921,67.0,0.8
R0922,86.0,0.88
R0923,97.0,1.38
R0924,96.0,1.25
R0925,131.0,2.62
R0926,68.0,1.39
R0927,101.0,0.53
R0928,96.0,0.87
R0929,99.0,0.98
R0930,80.0,0.41
R0931,77.0,1.74
R0932,102.0,1.52
R0933,90.0,0.26
R0934,77.0,0.56
R0935,134.0,0.84
R0936,116.0,1.76
R0937,76.0,0.85
R0938,99.0,2.14
R0939,103.0,0.87
R0940,84.0,0.72
R0941,100.0,1.11
R0942,94.0,0.63
R0943,83.0,1.63
R0944,98.0,0.85
R0945,75.0,0.45
R0946,105.0,0.78
R0947,104.0,2.2
R0948,122.0,0.4
R0949,92.0,1.95
R0950,92.0,1.26
R0951,97.0,3.09
R0952,91.0,1.47
R0953,124.0,1.48
R0954,83.0,0.78
R0955,54.0,0.59
R0956,100.0,0.37
R0957,127.0,0.52
R0958,107.0,0.59
R0959,126.0,1.39
R0960,91.0,0.62
R0961,114.0,0.28
R0962,92.0,0.5
R0963,95.0,0.63
R0964,105.0,0.36
R0965,110.0,0.77
R0966,77.0,2.31
R0967,111.0,1.19
R0968,98.0,2.42
R0969,85.0,0.87
R0970,123.0,0.42
R0971,132.0,1.89
R0972,106.0,1.83
R0973,93.0,1.35
R0974,158.0,0.49
R0975,123.0,0.85
R0976,130.0,0.79
R0977,80.0,0.55
R0978,64.0,0.83
R0979,132.0,1.34
R0980,82.0,0.81
R0981,89.0,1.46
R0982,109.0,1.24
R0983,120.0,1.03
R0984,138.0,0.79
R0985,86.0,0.69
R0986,66.0,0.35
R0987,65.0,1.37
R0988,72.0,0.85
R0989,75.0,1.03
R0990,90.0,0.54
R0991,65.0,1.53
R0992,119.0,0.7
R0993,79.0,1.44
R0994,100.0,1.38
R0995,89.0,0.57
R0996,52.0,0.43
R0997,60.0,1.94
R0998,133.0,1.47
R0999,99.0,0.92
R1000,108.0,1.29
R1001,90.0,0.88
R1002,101.0,0.81
R1003,101.0,2.59
R1004,99.0,1.05
R1005,97.0,0.85
R1006,124.0,0.97
R1007,98.0,2.32
R1008,102.0,1.38
R1009,80.0,0.54
R1010,97.0,1.03
R1011,139.0,0.75
R1012,86.0,0.72
R1013,145.0,0.89
R1014,92.0,1.96
R1015,98.0,1.56
R1016,89.0,0.64
R1017,128.0,0.72
R1018,100.0,0.6
R1019,101.0,0.65
R1020,120.0,0.52
R1021,99.0,2.76
R1022,83.0,1.33
R1023,71.0,2.37
R1024,79.0,1.28
R1025,87.0,3.13
R1026,98.0,0.82
R1027,118.0,0.97
R1028,91.0,0.73
R1029,63.0,0.91
R1030,95.0,0.53
R1031,132.0,1.65
R1032,119.0,0.84
R1033,73.0,1.55
R1034,74.0,0.88
R1035,105.0,1.94
R1036,101.0,0.43
R1037,105.0,0.88
R1038,104.0,0.7
R1039,78.0,0.52
R1040,94.0,0.78
R1041,109.0,0.28
R1042,78.0,1.05
R1043,94.0,0.75
R1044,102.0,0.61
R1045,114.0,1.59
R1046,110.0,0.75
R1047,122.0,2.37
R1048,84.0,0.25
R1049,111.0,0.54
R1050,117.0,0.94
R1051,98.0,1.29
R1052,100.0,0.51
R1053,97.0,0.77
R1054,96.0,0.37
R1055,78.0,0.88
R1056,107.0,0.84
R1057,107.0,0.98
R1058,102.0,1.52
R1059,94.0,0.79
R1060,105.0,3.63
R1061,97.0,1.53
R1062,98.0,0.35
R1063,107.0,0.53
R1064,68.0,0.57
R1065,120.0,0.47
R1066,98.0,0.47
R1067,76.0,1.84
R1068,107.0,1.15
R1069,101.0,0.91
R1070,115.0,1.1
R1071,112.0,0.8
R1072,116.0,3.09
R1073,124.0,0.76
R1074,115.0,0.63
R1075,120.0,2.55
R1076,69.0,0.65
R1077,104.0,2.82
R1078,110.0,0.73
R1079,85.0,0.36
R1080,141.0,2.07
R1081,98.0,1.29
R1082,116.0,0.64
R1083,102.0,1.04
R1084,81.0,0.95
R1085,99.0,0.69
R1086,85.0,0.7
R1087,93.0,1.32
R1088,133.0,0.81
R1089,63.0,0.87
R1090,108.0,0.67
R1091,72.0,0.63
R1092,87.0,0.45
R1093,88.0,0.53
R1094,114.0,0.91
R1095,100.0,0.71
R1096,77.0,1.2
R1097,145.0,1.28
R1098,101.0,1.76
R1099,129.0,1.82
R1100,115.0,0.44
R1101,117.0,2.96
R1102,99.0,1.94
R1103,86.0,0.93
R1104,81.0,0.34
R1105,126.0,2.89
R1106,87.0,0.97
R1107,103.0,1.21
R1108,94.0,0.75
R1109,105.0,0.47
R1110,170.0,0.78
R1111,94.0,0.7
R1112,120.0,0.97
R1113,85.0,2.42
R1114,70.0,0.8
R1115,112.0,0.84
R1116,71.0,1.17
R1117,85.0,2.61
R1118,95.0,0.79
R1119,116.0,0.61
R1120,87.0,1.1
R1121,123.0,1.35
R1122,70.0,0.88
R1123,94.0,0.71
R1124,109.0,0.84
R1125,73.0,0.85
R1126,104.0,0.7
R1127,62.0,2.37
R1128,90.0,0.29
R1129,81.0,0.52
R1130,69.0,0.53
R1131,124.0,0.81
R1132,91.0,0.72
R1133,61.0,1.0
R1134,90.0,0.52
R1135,115.0,0.92
R1136,141.0,1.63
R1137,111.0,2.12
R1138,105.0,2.38
R1139,116.0,1.78
R1140,80.0,1.59
R1141,130.0,0.47
R1142,107.0,1.04
R1143,65.0,1.19
R1144,109.0,0.56
R1145,122.0,0.95
R1146,82.0,0.45
R1147,74.0,0.76
R1148,99.0,0.58
R1149,107.0,1.38
R1150,80.0,0.9
R1151,78.0,0.43
R1152,106.0,1.12
R1153,112.0,0.5
R1154,100.0,0.74
R1155,113.0,1.86
R1156,80.0,2.5
R1157,79.0,0.5
R1158,95.0,0.61
R1159,54.0,2.33
R1160,101.0,0.93
R1161,75.0,0.82
R1162,91.0,0.6
R1163,94.0,2.32
R1164,82.0,0.62
R1165,128.0,3.1
R1166,68.0,2.95
R1167,95.0,0.59
R1168,97.0,1.34
R1169,115.0,1.28
R1170,91.0,0.85
R1171,116.0,1.19
R1172,114.0,0.45
R1173,79.0,1.85
R1174,123.0,0.5
R1175,141.0,0.9
R1176,109.0,1.97
R1177,145.0,1.19
R1178,75.0,1.81
R1179,100.0,0.8
R1180,89.0,1.53
R1181,110.0,0.81
R1182,99.0,2.13
R1183,90.0,0.39
R1184,88.0,1.13
R1185,90.0,0.71
R1186,101.0,0.62
R1187,105.0,1.02
R1188,139.0,0.89
R1189,142.0,3.47
R1190,129.0,1.27
R1191,57.0,1.02
R1192,158.0,2.51
R1193,99.0,0.9
R1194,97.0,0.72
R1195,85.0,1.04
R1196,105.0,0.47
R1197,66.0,0.98
R1198,77.0,0.93
R1199,115.0,0.68
R1200,122.0,1.44
