rep_id,region,segment,tenure_years,attended_bootcamp_2025,client_meetings_2025,crm_logins_2025,manager_rating_2025,sales_2025
R0001,Central,SMB,2.8,0,122,176,1.5,723200.0
R0002,Central,Mid-market,3.7,1,199,187,3.3,1253700.0
R0003,West,SMB,1.6,1,103,210,2.2,374600.0
R0004,West,Mid-market,4.3,0,138,175,1.5,813100.0
R0005,Central,Mid-market,1.8,0,173,163,3.0,937800.0
R0006,Central,Enterprise,7.7,0,279,201,2.6,1743500.0
R0007,West,SMB,4.1,0,124,189,1.0,261600.0
R0008,West,Mid-market,1.6,0,199,163,2.0,1374700.0
R0009,East,SMB,4.4,0,119,179,1.6,629300.0
R0010,International,Mid-market,4.7,1,169,203,2.6,1013100.0
R0011,Central,SMB,3.4,1,209,193,2.3,728900.0
R0012,West,Mid-market,6.9,0,143,172,1.1,662100.0
R0013,Central,SMB,2.2,0,78,190,1.0,356600.0
R0014,Central,SMB,2.8,0,123,167,1.8,773900.0
R0015,West,Enterprise,3.3,0,373,185,2.8,3628300.0
R0016,Central,SMB,7.0,0,128,196,1.8,894200.0
R0017,East,Enterprise,3.9,0,252,174,2.4,1654200.0
R0018,Central,Enterprise,11.2,1,439,218,4.4,2895100.0
R0019,International,SMB,4.7,0,114,174,1.1,471300.0
R0020,West,Enterprise,4.9,1,226,239,4.5,2380300.0
R0021,East,Mid-market,0.3,0,189,162,2.2,998400.0
R0022,West,Mid-market,5.0,0,150,185,2.0,972100.0
R0023,West,SMB,3.0,0,116,180,1.0,592800.0
R0024,Central,SMB,1.5,0,154,183,1.1,543300.0
R0025,East,SMB,2.9,0,143,171,2.0,731800.0
R0026,West,SMB,7.4,0,151,163,1.2,731700.0
R0027,East,Mid-market,2.3,0,157,176,2.4,1312600.0
R0028,Central,SMB,2.9,1,180,172,2.8,890600.0
R0029,Central,SMB,5.3,0,135,189,1.0,429100.0
R0030,Central,Mid-market,0.3,1,109,204,2.5,741500.0
R0031,International,Mid-market,3.5,0,289,180,2.3,1241700.0
R0032,International,SMB,6.3,0,108,172,1.0,418500.0
R0033,East,SMB,1.0,1,101,176,2.5,545200.0
R0034,East,SMB,1.3,0,114,174,1.0,399500.0
R0035,International,SMB,3.8,0,134,167,1.0,671900.0
R0036,West,SMB,8.6,0,187,165,1.0,739400.0
R0037,West,SMB,3.6,0,83,179,1.0,280400.0
R0038,West,Enterprise,1.3,0,215,164,1.8,1566000.0
R0039,East,SMB,6.8,0,164,177,1.5,1036200.0
R0040,West,Mid-market,4.0,0,172,176,1.6,1013500.0
R0041,East,Mid-market,12.2,0,170,159,1.2,1056200.0
R0042,East,Mid-market,2.9,0,176,175,1.7,940200.0
R0043,East,Enterprise,6.7,1,245,229,3.4,1990100.0
R0044,Central,SMB,5.0,1,163,207,2.6,1020000.0
R0045,East,SMB,5.4,1,112,229,2.1,553000.0
R0046,East,Enterprise,0.9,1,206,172,3.4,1350100.0
R0047,East,SMB,3.0,0,103,196,1.0,476000.0
R0048,Central,Mid-market,1.7,0,158,147,1.1,778400.0
R0049,West,SMB,3.1,1,138,192,2.0,829300.0
R0050,East,SMB,6.0,1,166,202,3.1,996900.0
R0051,International,SMB,3.0,0,119,196,1.7,772300.0
R0052,East,SMB,6.8,0,128,189,1.0,402600.0
R0053,Central,Enterprise,1.5,0,177,195,1.4,1042800.0
R0054,West,Mid-market,2.2,0,109,196,1.0,590300.0
R0055,West,Mid-market,3.9,0,185,169,1.7,1179000.0
R0056,East,Enterprise,2.5,1,271,190,4.2,1836800.0
R0057,East,SMB,1.2,1,105,167,1.3,465100.0
R0058,East,Mid-market,6.4,0,145,185,1.0,571600.0
R0059,West,Mid-market,7.9,0,246,175,1.6,1077000.0
R0060,West,Mid-market,2.2,0,135,172,1.0,905900.0
R0061,East,SMB,6.0,1,109,191,2.3,853400.0
R0062,Central,SMB,2.9,1,170,211,2.5,725800.0
R0063,East,SMB,5.8,0,118,179,1.0,244100.0
R0064,West,SMB,5.4,1,161,212,2.2,606000.0
R0065,Central,Mid-market,5.5,0,147,176,1.3,855700.0
R0066,East,SMB,1.8,0,107,165,1.1,602600.0
R0067,West,SMB,3.4,0,163,173,1.5,679700.0
R0068,Central,SMB,5.1,0,163,159,1.1,517300.0
R0069,West,SMB,0.3,1,125,184,2.1,671500.0
R0070,East,Mid-market,7.9,1,260,172,3.3,1837300.0
R0071,East,SMB,2.4,1,74,206,1.1,356400.0
R0072,Central,Enterprise,3.4,0,226,194,1.7,1317700.0
R0073,West,SMB,16.7,0,120,200,1.0,573800.0
R0074,East,SMB,4.4,0,96,183,1.0,324700.0
R0075,West,Mid-market,1.7,0,117,153,1.6,559400.0
R0076,West,SMB,1.7,0,129,173,1.3,591800.0
R0077,West,SMB,1.2,0,169,186,2.2,1008700.0
R0078,Central,SMB,1.3,0,104,192,1.3,624700.0
R0079,West,SMB,4.2,0,116,173,1.7,617700.0
R0080,Central,SMB,4.8,1,126,194,2.9,543400.0
R0081,East,Enterprise,0.7,1,159,206,3.1,1019400.0
R0082,Central,Mid-market,10.1,0,225,197,3.1,1630300.0
R0083,West,Mid-market,5.8,0,154,195,2.0,993800.0
R0084,East,Mid-market,2.6,0,115,182,1.0,417800.0
R0085,West,Mid-market,2.6,1,136,211,2.6,1166600.0
R0086,Central,SMB,1.4,0,102,170,1.6,594400.0
R0087,International,SMB,1.6,0,131,171,2.1,728900.0
R0088,Central,Mid-market,3.8,0,188,177,1.0,781400.0
R0089,International,SMB,2.1,1,119,191,1.2,488900.0
R0090,East,Mid-market,2.9,1,142,205,3.6,1924100.0
R0091,East,Enterprise,2.9,0,222,188,2.9,1866000.0
R0092,Central,SMB,0.5,1,121,212,2.4,593300.0
R0093,East,Mid-market,8.0,0,144,183,1.0,511900.0
R0094,Central,SMB,2.8,1,171,210,1.2,521500.0
R0095,East,Mid-market,1.1,1,167,196,2.9,1003300.0
R0096,West,Enterprise,2.6,0,188,165,1.5,790300.0
R0097,West,Enterprise,5.2,1,241,202,3.4,1572000.0
R0098,Central,Enterprise,4.7,1,271,193,3.8,2521500.0
R0099,East,Enterprise,0.5,0,211,182,2.2,2510000.0
R0100,West,SMB,9.0,0,104,208,1.2,677000.0
R0101,International,SMB,2.7,0,100,202,1.4,668800.0
R0102,Central,Mid-market,13.2,0,130,167,1.9,682000.0
R0103,Central,Enterprise,2.2,1,268,204,4.0,3309100.0
R0104,Central,SMB,4.7,1,77,207,1.4,314900.0
R0105,West,Mid-market,0.3,0,218,198,1.9,1098200.0
R0106,East,SMB,1.6,0,95,169,1.0,287700.0
R0107,East,Mid-market,2.1,1,233,189,4.0,1328400.0
R0108,East,Mid-market,3.2,0,172,196,1.7,1288600.0
R0109,International,SMB,3.8,0,124,197,1.0,679900.0
R0110,West,Mid-market,2.0,0,127,184,1.0,491500.0
R0111,International,SMB,1.8,0,134,137,1.1,446600.0
R0112,International,Mid-market,3.3,1,219,204,3.2,1338100.0
R0113,West,Enterprise,3.8,0,258,197,2.0,1468500.0
R0114,East,Mid-market,0.3,0,151,151,1.3,860200.0
R0115,West,SMB,2.9,1,166,182,2.3,1147500.0
R0116,International,Mid-market,1.2,0,196,174,2.7,1748400.0
R0117,West,Mid-market,7.0,0,188,167,2.8,1651600.0
R0118,East,Mid-market,4.7,1,177,195,3.2,1526000.0
R0119,International,SMB,1.3,1,138,190,1.9,915000.0
R0120,Central,SMB,2.9,0,157,172,1.0,516300.0
R0121,East,SMB,5.9,0,119,190,1.0,466800.0
R0122,East,SMB,3.6,0,82,167,1.0,308600.0
R0123,International,SMB,0.6,1,149,189,2.7,658200.0
R0124,Central,SMB,4.7,0,111,187,1.0,255200.0
R0125,Central,SMB,1.2,1,158,203,1.4,539100.0
R0126,East,SMB,1.2,0,100,195,1.0,565800.0
R0127,Central,Mid-market,3.6,1,223,185,3.7,1022100.0
R0128,West,SMB,3.3,0,176,180,1.8,887300.0
R0129,Central,Enterprise,8.7,1,386,193,4.1,2800800.0
R0130,Central,SMB,3.3,0,125,185,1.0,422000.0
R0131,West,Mid-market,3.7,0,123,188,1.0,614800.0
R0132,Central,Mid-market,1.5,1,166,204,2.0,791300.0
R0133,Central,SMB,2.7,0,86,195,1.1,335500.0
R0134,Central,SMB,4.7,0,80,195,1.0,398500.0
R0135,Central,Enterprise,5.9,1,218,167,4.0,1084700.0
R0136,Central,SMB,1.1,0,147,171,1.5,1143800.0
R0137,International,Mid-market,4.2,0,132,186,1.0,603700.0
R0138,East,Enterprise,7.2,1,228,201,3.2,1482200.0
R0139,West,SMB,3.1,0,81,181,1.0,391900.0
R0140,West,SMB,4.4,0,95,179,1.1,336900.0
R0141,West,Mid-market,4.5,0,164,186,2.6,1231500.0
R0142,International,Mid-market,1.7,1,205,195,2.9,1095900.0
R0143,East,SMB,4.9,0,189,167,1.8,1137800.0
R0144,International,SMB,1.7,0,97,170,1.0,415400.0
R0145,Central,SMB,3.1,0,116,181,1.0,665400.0
R0146,International,SMB,2.1,1,65,231,1.0,375500.0
R0147,East,SMB,1.0,1,142,182,2.4,773600.0
R0148,East,Mid-market,4.7,0,144,177,2.0,1071300.0
R0149,Central,Enterprise,6.2,0,316,206,2.8,1562500.0
R0150,West,SMB,2.2,0,83,168,1.0,321400.0
R0151,East,SMB,2.6,0,120,185,1.2,764300.0
R0152,East,SMB,3.1,0,101,183,1.1,426100.0
R0153,West,Enterprise,2.7,1,360,224,2.8,1980700.0
R0154,West,SMB,3.0,1,126,191,2.1,442700.0
R0155,West,SMB,10.7,1,160,210,2.5,716300.0
R0156,West,Mid-market,2.7,1,245,193,4.2,2335400.0
R0157,West,SMB,4.9,0,83,178,1.0,338100.0
R0158,International,Mid-market,5.6,0,135,175,1.0,621700.0
R0159,East,SMB,0.5,0,92,165,1.6,466800.0
R0160,Central,SMB,3.1,1,168,199,2.8,798500.0
R0161,Central,SMB,2.8,0,114,189,1.0,320900.0
R0162,International,Enterprise,6.0,0,189,164,2.2,1110200.0
R0163,Central,Enterprise,4.4,0,234,167,1.9,1500500.0
R0164,West,Mid-market,9.9,1,245,190,3.2,1478600.0
R0165,International,SMB,2.2,1,144,207,2.8,616100.0
R0166,West,SMB,3.2,0,127,179,1.7,890500.0
R0167,International,SMB,4.3,0,139,177,1.0,615600.0
R0168,West,Enterprise,1.4,0,280,150,3.3,2492300.0
R0169,West,SMB,6.7,0,165,197,1.0,846200.0
R0170,East,Enterprise,0.3,1,248,203,4.1,2702000.0
R0171,East,Enterprise,1.1,0,323,176,3.1,2315500.0
R0172,East,Enterprise,1.6,0,195,213,2.0,2207400.0
R0173,Central,Enterprise,2.6,0,268,182,3.6,3236700.0
R0174,Central,Mid-market,2.4,0,177,170,1.0,601500.0
R0175,East,Mid-market,4.3,0,112,183,1.3,605000.0
R0176,West,Enterprise,6.4,0,255,169,2.5,1566900.0
R0177,West,Enterprise,7.9,0,265,182,2.8,1786800.0
R0178,East,SMB,2.9,0,135,184,1.2,728100.0
R0179,East,SMB,6.1,1,197,205,3.6,1291000.0
R0180,West,SMB,0.4,1,152,209,2.4,638100.0
R0181,East,SMB,2.7,0,99,195,1.4,487100.0
R0182,West,Enterprise,0.8,1,234,213,3.2,1403000.0
R0183,West,SMB,2.7,1,128,182,2.8,982500.0
R0184,East,Enterprise,12.2,1,331,204,4.6,4088700.0
R0185,East,Enterprise,4.3,1,382,171,4.9,4243000.0
R0186,International,Mid-market,4.9,1,171,205,3.4,1225500.0
R0187,West,Mid-market,1.1,1,199,201,1.7,1097400.0
R0188,East,Mid-market,2.7,1,199,203,3.1,1327800.0
R0189,International,Enterprise,2.6,1,176,200,3.1,1367000.0
R0190,West,Enterprise,2.7,0,207,149,2.4,1609800.0
R0191,West,SMB,3.9,0,127,190,1.0,424600.0
R0192,Central,SMB,4.8,0,147,175,1.2,571700.0
R0193,Central,SMB,3.9,1,96,201,1.1,418900.0
R0194,Central,SMB,1.2,0,113,139,1.0,424900.0
R0195,East,SMB,3.4,1,139,222,1.8,502600.0
R0196,West,Enterprise,1.2,0,226,179,2.3,1565600.0
R0197,West,Mid-market,3.3,1,133,213,3.5,1450000.0
R0198,Central,Enterprise,2.6,1,204,190,4.1,1838100.0
R0199,Central,Mid-market,7.1,0,263,202,2.5,1702000.0
R0200,West,SMB,4.7,0,134,189,1.0,499800.0
R0201,Central,SMB,2.4,0,87,188,1.0,399600.0
R0202,East,SMB,7.6,1,129,198,1.7,717100.0
R0203,International,Mid-market,4.5,0,149,173,2.0,760700.0
R0204,International,SMB,10.3,1,128,222,2.7,811300.0
R0205,Central,Enterprise,1.1,0,229,191,2.6,2103300.0
R0206,Central,Mid-market,2.0,0,155,178,2.2,998100.0
R0207,East,Mid-market,5.4,0,159,189,1.3,866300.0
R0208,West,Enterprise,13.4,1,467,172,5.0,3794100.0
R0209,West,Enterprise,3.7,1,385,205,5.0,3856400.0
R0210,East,SMB,1.9,0,80,162,1.0,442500.0
R0211,International,SMB,11.5,0,111,170,1.0,450500.0
R0212,East,Enterprise,2.7,0,232,174,2.3,1625000.0
R0213,East,Mid-market,2.6,0,134,201,1.6,536100.0
R0214,Central,Mid-market,14.5,0,220,152,2.7,1346300.0
R0215,East,Mid-market,4.8,1,168,198,2.3,779500.0
R0216,International,SMB,0.8,0,160,170,1.0,836800.0
R0217,West,SMB,12.5,0,99,178,1.0,391400.0
R0218,West,SMB,1.6,0,114,195,1.3,488500.0
R0219,West,Enterprise,5.4,0,217,168,2.1,1396500.0
R0220,International,SMB,3.1,0,108,179,1.0,626300.0
R0221,International,Mid-market,3.4,0,189,168,2.0,844700.0
R0222,East,Enterprise,6.1,1,363,190,2.8,2211600.0
R0223,East,SMB,3.6,0,146,192,1.7,762000.0
R0224,East,Mid-market,3.7,0,185,193,1.2,875000.0
R0225,East,SMB,1.7,0,115,178,2.1,762200.0
R0226,West,Mid-market,3.5,1,188,182,3.0,1398500.0
R0227,Central,SMB,2.2,0,143,185,1.4,617600.0
R0228,West,SMB,7.0,0,128,193,1.4,517200.0
R0229,West,SMB,5.7,0,99,186,1.0,484100.0
R0230,Central,SMB,6.0,0,141,178,1.0,714600.0
R0231,Central,SMB,5.7,0,147,161,1.0,628300.0
R0232,West,Enterprise,4.3,1,236,174,4.6,1810400.0
R0233,International,Mid-market,2.1,0,93,189,1.0,529400.0
R0234,West,Enterprise,1.7,0,282,172,2.0,1891000.0
R0235,Central,Mid-market,0.5,0,105,158,1.0,470200.0
R0236,East,SMB,5.2,1,109,223,2.2,531700.0
R0237,East,SMB,1.7,0,70,186,1.0,305700.0
R0238,West,Enterprise,3.1,1,308,195,3.5,1809000.0
R0239,West,Mid-market,1.1,1,184,210,2.6,1045600.0
R0240,East,Mid-market,2.0,0,146,197,1.0,510900.0
R0241,International,Enterprise,1.6,1,225,209,4.3,1678500.0
R0242,West,Enterprise,3.9,1,294,200,3.4,2917100.0
R0243,East,SMB,1.5,0,110,205,1.0,453600.0
R0244,International,Mid-market,0.9,1,209,191,2.7,962400.0
R0245,International,SMB,2.7,1,131,202,1.9,626900.0
R0246,West,SMB,5.3,0,138,191,1.0,504700.0
R0247,West,SMB,3.1,0,115,192,1.0,354800.0
R0248,West,Enterprise,0.6,0,265,158,2.7,2498200.0
R0249,Central,SMB,1.3,0,120,192,1.0,536600.0
R0250,West,SMB,6.5,0,83,165,1.0,372000.0
R0251,Central,SMB,3.6,0,148,165,1.8,874700.0
R0252,East,SMB,4.7,1,126,196,2.2,966800.0
R0253,International,Enterprise,1.3,0,256,175,3.3,2644300.0
R0254,West,Mid-market,3.6,0,138,178,1.4,533000.0
R0255,East,SMB,3.1,0,139,208,2.2,689600.0
R0256,East,Mid-market,2.0,0,193,188,1.7,1033600.0
R0257,East,SMB,2.0,1,153,168,2.4,1061700.0
R0258,International,Enterprise,2.6,0,186,188,1.6,739600.0
R0259,West,SMB,4.6,0,114,174,1.0,426400.0
R0260,West,Mid-market,9.2,1,215,215,2.4,1168800.0
R0261,Central,Enterprise,1.4,0,186,179,3.0,1817300.0
R0262,Central,SMB,1.4,0,113,198,1.0,483500.0
R0263,Central,Mid-market,3.6,1,165,201,2.3,793900.0
R0264,Central,SMB,7.8,1,219,212,3.6,1687100.0
R0265,East,Mid-market,3.3,0,137,184,2.2,880900.0
R0266,East,SMB,1.4,0,126,170,1.2,627000.0
R0267,International,Mid-market,2.0,0,137,157,1.8,579100.0
R0268,East,Mid-market,1.8,1,176,191,2.6,1081400.0
R0269,Central,SMB,2.0,0,98,186,1.1,571500.0
R0270,West,Mid-market,2.8,0,154,192,1.7,819900.0
R0271,Central,Mid-market,2.4,0,163,173,1.7,994000.0
R0272,West,Mid-market,3.7,0,220,185,1.9,1147800.0
R0273,West,Enterprise,0.3,1,377,201,4.6,4309100.0
R0274,East,SMB,0.5,0,111,179,1.0,429900.0
R0275,East,SMB,4.4,0,111,170,1.0,504800.0
R0276,West,SMB,0.5,0,118,180,2.4,889900.0
R0277,West,Enterprise,2.2,1,243,198,4.0,2371400.0
R0278,West,SMB,4.8,0,89,175,1.0,590900.0
R0279,West,SMB,3.9,1,88,211,1.9,550100.0
R0280,Central,Enterprise,3.3,1,254,210,4.5,2142900.0
R0281,Central,Mid-market,6.0,1,179,184,3.1,923900.0
R0282,Central,Mid-market,7.6,0,219,168,2.6,1076300.0
R0283,Central,SMB,1.5,1,146,187,1.7,621800.0
R0284,West,Mid-market,8.3,0,142,165,1.9,665200.0
R0285,West,Enterprise,1.5,0,365,177,2.7,3140900.0
R0286,Central,Enterprise,5.4,0,265,160,1.6,1497600.0
R0287,International,Mid-market,3.3,0,153,171,2.1,641400.0
R0288,International,SMB,1.0,0,102,188,1.0,320300.0
R0289,East,Mid-market,10.3,1,194,195,2.5,1334200.0
R0290,Central,Mid-market,2.6,0,153,153,1.0,795500.0
R0291,West,Mid-market,5.8,1,150,215,2.2,977300.0
R0292,West,Enterprise,4.0,1,230,194,3.8,2063800.0
R0293,East,Mid-market,1.7,0,108,181,1.1,428200.0
R0294,International,Mid-market,1.7,0,137,189,2.1,1293700.0
R0295,West,Enterprise,2.5,1,212,184,3.6,1840400.0
R0296,Central,SMB,2.5,0,109,190,1.0,636900.0
R0297,East,Mid-market,1.3,0,138,169,1.3,814500.0
R0298,International,SMB,8.8,0,159,206,1.6,586600.0
R0299,Central,SMB,3.0,0,106,164,1.7,428500.0
R0300,West,SMB,2.8,0,118,179,1.1,559200.0
R0301,East,SMB,1.9,0,81,172,1.0,371400.0
R0302,West,SMB,2.4,0,170,148,1.5,506400.0
R0303,West,Mid-market,0.5,1,195,194,2.8,995000.0
R0304,Central,Mid-market,1.2,1,130,202,2.1,785500.0
R0305,East,Mid-market,12.8,1,178,213,2.8,906200.0
R0306,East,Enterprise,3.0,1,242,185,2.8,1874300.0
R0307,East,SMB,9.3,0,146,181,1.2,537500.0
R0308,Central,SMB,8.5,1,195,222,2.9,952300.0
R0309,Central,Mid-market,2.8,0,147,190,1.9,778000.0
R0310,West,Mid-market,3.6,0,160,165,1.3,1244300.0
R0311,Central,Mid-market,2.2,1,145,179,2.4,728600.0
R0312,West,SMB,1.4,0,88,191,1.3,539600.0
R0313,International,SMB,5.4,0,75,180,1.0,329400.0
R0314,International,Enterprise,5.0,0,230,167,1.5,1281400.0
R0315,East,SMB,2.7,0,100,194,1.0,433400.0
R0316,East,Mid-market,0.3,0,95,177,1.0,349800.0
R0317,West,Mid-market,4.0,0,235,182,2.5,1647100.0
R0318,East,Mid-market,6.3,0,191,180,1.1,1001300.0
R0319,International,SMB,0.9,0,95,187,1.7,544000.0
R0320,International,Mid-market,7.4,0,249,185,2.1,1165100.0
R0321,West,Mid-market,6.3,1,150,203,3.6,782800.0
R0322,Central,SMB,4.1,1,132,202,2.2,601800.0
R0323,International,SMB,2.7,0,146,197,1.0,540300.0
R0324,East,Mid-market,3.6,0,147,172,2.4,1078000.0
R0325,West,SMB,1.6,0,146,173,1.9,854000.0
R0326,East,Mid-market,3.3,1,160,202,2.4,1135500.0
R0327,East,SMB,2.1,0,204,164,1.0,601600.0
R0328,Central,SMB,2.5,1,156,196,2.0,695900.0
R0329,East,SMB,1.3,1,132,184,2.9,743400.0
R0330,Central,SMB,2.0,0,126,200,2.0,821500.0
R0331,West,SMB,0.9,0,169,172,3.1,1114800.0
R0332,West,SMB,4.0,1,115,176,2.1,609100.0
R0333,West,Enterprise,4.2,1,203,215,3.0,1140000.0
R0334,Central,SMB,6.5,0,140,203,1.9,735200.0
R0335,West,Mid-market,4.9,0,215,164,1.5,1387800.0
R0336,West,SMB,0.8,0,98,184,1.0,396300.0
R0337,Central,SMB,3.2,0,102,190,1.0,370900.0
R0338,East,Mid-market,2.9,1,125,240,2.8,688100.0
R0339,Central,SMB,6.2,0,160,177,1.0,370500.0
R0340,Central,SMB,3.5,0,98,217,1.0,296900.0
R0341,West,SMB,2.9,1,113,196,2.0,614100.0
R0342,East,Mid-market,5.6,0,184,157,1.8,1071800.0
R0343,East,Mid-market,2.4,1,187,167,3.5,1251200.0
R0344,West,Enterprise,4.1,0,245,181,2.5,1235900.0
R0345,International,Mid-market,2.2,0,157,171,1.6,806900.0
R0346,East,SMB,0.4,0,140,182,1.4,951300.0
R0347,East,SMB,6.1,0,109,191,1.0,345600.0
R0348,West,Mid-market,2.6,0,148,171,1.1,607300.0
R0349,West,Enterprise,5.9,0,165,198,1.0,991600.0
R0350,Central,SMB,2.2,0,92,184,1.0,297100.0
R0351,West,SMB,8.2,0,159,172,1.0,561200.0
R0352,East,SMB,1.2,1,107,176,2.5,649400.0
R0353,West,SMB,0.8,0,104,152,1.1,338100.0
R0354,Central,Mid-market,2.6,1,155,193,2.4,1079100.0
R0355,West,SMB,2.7,1,190,191,3.3,1054800.0
R0356,West,Mid-market,5.8,0,179,181,2.6,1376700.0
R0357,International,Enterprise,1.6,1,342,177,4.0,2862800.0
R0358,East,Mid-market,2.2,0,167,132,2.2,1237700.0
R0359,East,Enterprise,20.0,1,210,191,2.6,903800.0
R0360,East,SMB,4.4,1,230,184,3.3,1277800.0
R0361,Central,Mid-market,3.1,1,190,211,2.3,1067700.0
R0362,International,Enterprise,0.6,1,188,191,3.9,2095600.0
R0363,Central,Enterprise,6.9,1,207,169,2.3,762600.0
R0364,Central,SMB,3.6,0,163,172,1.8,555200.0
R0365,East,Mid-market,2.1,0,148,162,2.9,1296900.0
R0366,Central,Enterprise,5.1,0,241,187,2.5,1912000.0
R0367,West,SMB,4.3,1,178,207,3.0,1206800.0
R0368,East,Enterprise,2.6,0,214,170,1.4,930900.0
R0369,Central,Mid-market,7.4,1,150,184,2.1,977400.0
R0370,West,Mid-market,1.5,0,183,183,2.1,1027500.0
R0371,East,SMB,2.0,1,124,191,2.0,510700.0
R0372,West,SMB,3.2,0,124,184,1.1,719600.0
R0373,West,SMB,2.9,0,121,170,1.6,570600.0
R0374,Central,Enterprise,5.6,1,262,180,2.7,1470600.0
R0375,International,Enterprise,4.2,1,253,189,4.3,3121000.0
R0376,International,SMB,3.0,0,113,163,1.0,544200.0
R0377,West,SMB,3.6,1,146,203,1.9,769000.0
R0378,Central,Enterprise,1.9,0,189,171,3.1,1374700.0
R0379,Central,SMB,1.4,0,91,184,1.0,408900.0
R0380,Central,SMB,3.3,0,109,171,1.0,483000.0
R0381,International,Enterprise,8.7,0,395,184,3.0,3093300.0
R0382,East,SMB,3.3,0,96,205,1.0,400300.0
R0383,West,SMB,4.1,0,107,189,1.0,343900.0
R0384,Central,SMB,4.0,0,192,167,1.8,1052000.0
R0385,East,Mid-market,4.3,0,158,170,1.8,996400.0
R0386,Central,Mid-market,3.5,0,118,194,1.4,664600.0
R0387,International,Enterprise,2.2,1,237,194,3.8,2351300.0
R0388,East,Mid-market,2.7,0,201,173,1.6,1051600.0
R0389,Central,Mid-market,5.6,0,243,177,1.9,1297500.0
R0390,International,Enterprise,1.7,1,225,169,4.2,2517900.0
R0391,Central,SMB,1.3,0,86,184,1.0,329900.0
R0392,West,SMB,4.0,0,87,176,1.0,306600.0
R0393,West,Mid-market,1.1,1,133,192,3.0,744100.0
R0394,Central,SMB,4.7,0,119,180,1.0,539500.0
R0395,West,Mid-market,3.4,1,160,172,2.7,1084700.0
R0396,East,Mid-market,2.7,0,153,190,1.0,736000.0
R0397,Central,Mid-market,0.5,1,161,178,2.8,1198600.0
R0398,West,SMB,1.6,1,167,189,2.0,710400.0
R0399,Central,Mid-market,2.9,0,124,157,1.0,650900.0
R0400,Central,SMB,1.8,1,189,170,3.8,1291500.0
R0401,East,SMB,4.3,1,106,189,2.3,330600.0
R0402,Central,SMB,2.5,0,103,182,1.3,543300.0
R0403,Central,Enterprise,5.0,0,342,198,2.9,2041800.0
R0404,West,SMB,2.1,0,109,176,1.0,581900.0
R0405,East,SMB,0.7,0,75,201,1.0,336400.0
R0406,Central,SMB,2.5,0,123,186,1.5,456700.0
R0407,Central,Mid-market,2.1,0,169,172,3.1,1251500.0
R0408,Central,Enterprise,2.0,1,445,192,4.5,3122900.0
R0409,East,Mid-market,3.3,1,203,187,3.0,1607000.0
R0410,West,Mid-market,0.8,1,122,216,2.3,916100.0
R0411,West,SMB,15.1,0,123,182,1.0,563300.0
R0412,West,Enterprise,7.0,1,333,191,4.2,3235900.0
R0413,Central,Mid-market,6.7,0,177,188,1.0,1172800.0
R0414,East,Enterprise,0.7,0,212,173,3.2,2125500.0
R0415,International,SMB,4.4,0,140,175,1.0,651300.0
R0416,International,SMB,4.5,1,182,195,2.9,803000.0
R0417,International,SMB,0.9,0,100,194,1.0,494300.0
R0418,Central,SMB,6.4,1,167,206,2.8,778500.0
R0419,Central,SMB,1.6,0,104,199,1.0,422300.0
R0420,East,Mid-market,4.6,1,164,202,3.0,1253700.0
R0421,West,Mid-market,1.1,0,145,203,1.7,982800.0
R0422,Central,Mid-market,2.9,1,234,209,3.6,1190300.0
R0423,East,SMB,1.2,0,96,156,1.4,414500.0
R0424,East,Enterprise,1.6,1,338,169,4.0,3625300.0
R0425,International,SMB,7.4,0,89,186,1.4,531300.0
R0426,West,Enterprise,1.0,0,209,159,1.8,1491900.0
R0427,International,SMB,1.8,1,168,212,2.1,874800.0
R0428,East,Mid-market,2.4,0,141,196,1.8,879000.0
R0429,West,Mid-market,3.7,0,173,213,1.1,734900.0
R0430,International,SMB,1.5,1,154,195,3.7,1463500.0
R0431,West,SMB,6.1,1,133,182,1.6,455500.0
R0432,East,SMB,1.6,0,82,190,1.0,309300.0
R0433,East,Enterprise,6.8,0,270,173,3.0,1917900.0
R0434,West,Mid-market,0.6,0,163,173,1.0,553300.0
R0435,East,Mid-market,3.4,0,136,185,1.6,727600.0
R0436,International,Mid-market,1.9,1,153,203,2.4,785200.0
R0437,West,SMB,8.1,0,139,175,2.1,883900.0
R0438,West,SMB,4.8,1,116,203,2.4,535900.0
R0439,East,SMB,7.4,1,160,234,1.6,703500.0
R0440,East,Mid-market,6.8,0,154,192,2.4,1070800.0
R0441,Central,SMB,2.4,0,132,195,1.8,869400.0
R0442,Central,Mid-market,3.1,0,163,168,1.7,710100.0
R0443,West,Enterprise,0.7,0,157,188,2.6,1666900.0
R0444,East,Mid-market,4.0,1,213,193,3.5,1308800.0
R0445,International,Mid-market,3.8,0,175,184,2.4,1390000.0
R0446,West,Mid-market,3.2,1,200,216,2.2,1270100.0
R0447,West,Enterprise,3.1,0,236,184,3.4,3011300.0
R0448,West,Mid-market,11.5,1,276,215,3.1,1845100.0
R0449,East,SMB,6.2,0,201,178,1.8,962100.0
R0450,West,SMB,1.1,0,115,183,1.0,524200.0
R0451,West,SMB,2.8,0,101,171,1.7,501700.0
R0452,Central,Mid-market,1.7,0,200,194,1.0,813900.0
R0453,East,Enterprise,6.6,1,268,198,3.5,1401300.0
R0454,Central,Mid-market,3.7,0,181,176,1.9,864300.0
R0455,International,SMB,2.9,0,100,165,1.0,434500.0
R0456,West,SMB,3.5,0,114,175,1.1,420400.0
R0457,East,Mid-market,2.7,0,186,172,1.1,609700.0
R0458,International,Enterprise,2.3,1,268,227,4.0,2423600.0
R0459,East,Mid-market,9.6,1,144,207,3.0,1125900.0
R0460,West,Mid-market,4.2,0,182,192,1.7,915300.0
R0461,Central,Mid-market,4.5,1,162,191,2.8,1208800.0
R0462,International,SMB,3.4,0,120,171,1.2,499200.0
R0463,West,Enterprise,4.4,1,304,200,4.4,3169000.0
R0464,West,SMB,3.3,0,150,212,1.5,507800.0
R0465,East,Enterprise,6.9,1,320,203,4.1,3246800.0
R0466,Central,Enterprise,1.8,0,289,174,2.9,2392600.0
R0467,East,SMB,9.4,1,130,218,2.6,830600.0
R0468,East,SMB,3.5,1,110,202,2.5,538200.0
R0469,West,Enterprise,4.2,0,262,172,2.3,2102600.0
R0470,East,Enterprise,0.4,1,351,194,3.1,2123600.0
R0471,East,Mid-market,0.7,0,156,168,1.4,798100.0
R0472,East,SMB,3.9,1,116,202,1.9,630500.0
R0473,West,Enterprise,6.6,1,247,218,3.0,2063300.0
R0474,East,SMB,4.2,0,103,158,1.0,521400.0
R0475,East,SMB,4.5,0,134,167,1.0,831800.0
R0476,West,Mid-market,3.6,0,134,179,2.5,805100.0
R0477,West,SMB,1.7,0,113,202,1.8,649200.0
R0478,West,Enterprise,6.5,0,270,196,1.9,1650700.0
R0479,Central,SMB,1.3,0,135,184,1.1,597400.0
R0480,Central,Enterprise,2.2,1,228,216,3.1,1605300.0
R0481,West,Mid-market,3.1,1,162,202,2.3,812500.0
R0482,East,Mid-market,5.7,1,245,182,3.1,1638800.0
R0483,International,SMB,3.6,0,92,176,1.2,475000.0
R0484,International,SMB,0.6,0,82,196,1.0,365700.0
R0485,East,Enterprise,1.9,1,230,192,3.3,2239500.0
R0486,West,Enterprise,4.2,1,239,221,3.9,2135400.0
R0487,International,Mid-market,3.0,0,129,171,1.7,640700.0
R0488,International,Mid-market,1.6,0,123,190,1.6,885300.0
R0489,East,SMB,7.1,1,201,212,3.6,1371300.0
R0490,Central,Mid-market,2.4,1,121,188,2.7,789400.0
R0491,International,SMB,6.3,0,148,183,1.6,922900.0
R0492,Central,Mid-market,4.4,1,124,188,1.6,579700.0
R0493,Central,SMB,2.1,0,96,165,1.0,293100.0
R0494,West,SMB,3.0,0,130,164,1.7,586900.0
R0495,East,Mid-market,3.0,0,139,175,1.0,635700.0
R0496,International,Mid-market,4.6,1,224,185,3.0,1674700.0
R0497,East,Enterprise,1.2,0,206,190,1.5,1004500.0
R0498,West,SMB,4.3,1,124,189,1.4,667200.0
R0499,West,Enterprise,2.4,0,294,198,2.5,2032500.0
R0500,West,SMB,2.7,0,85,180,1.0,289900.0
R0501,West,SMB,0.3,0,84,183,1.4,369200.0
R0502,Central,Enterprise,3.3,0,216,171,1.8,1345200.0
R0503,Central,SMB,2.7,0,113,195,1.0,279300.0
R0504,West,SMB,13.9,0,136,180,1.2,679400.0
R0505,West,Enterprise,7.0,0,303,160,3.7,3110200.0
R0506,West,SMB,7.2,1,179,192,2.6,729000.0
R0507,West,SMB,0.6,0,71,164,1.0,377100.0
R0508,West,Mid-market,5.9,0,215,198,1.4,1079500.0
R0509,West,SMB,2.7,0,143,183,1.4,704900.0
R0510,East,Enterprise,2.7,1,286,226,4.4,2906800.0
R0511,East,Enterprise,2.0,1,280,220,3.4,2118400.0
R0512,West,Enterprise,2.1,1,298,200,3.7,1907800.0
R0513,East,SMB,6.2,0,117,161,1.0,306300.0
R0514,International,Mid-market,1.5,0,115,154,1.7,758600.0
R0515,West,SMB,1.8,0,104,183,1.7,281900.0
R0516,International,Mid-market,3.1,0,168,184,2.5,1271700.0
R0517,Central,Enterprise,4.7,1,202,168,3.8,1676200.0
R0518,East,SMB,0.8,0,140,177,1.3,599300.0
R0519,Central,Mid-market,3.9,0,134,159,1.0,637800.0
R0520,West,Mid-market,5.6,0,117,173,1.0,652500.0
R0521,East,Mid-market,4.4,1,105,201,2.7,759700.0
R0522,West,Mid-market,4.0,1,157,201,2.6,951900.0
R0523,East,Mid-market,4.0,0,202,159,2.7,1456500.0
R0524,International,SMB,1.7,0,108,171,1.3,542400.0
R0525,East,SMB,4.9,0,124,166,1.9,618300.0
R0526,Central,SMB,9.0,1,148,188,2.3,558600.0
R0527,East,SMB,2.4,0,85,185,1.0,312300.0
R0528,East,SMB,3.2,0,130,178,1.0,266500.0
R0529,Central,Mid-market,7.0,1,196,187,3.1,1036800.0
R0530,Central,Enterprise,6.2,1,306,199,4.6,3221100.0
R0531,East,Enterprise,2.0,1,220,209,3.6,1950600.0
R0532,East,SMB,6.7,1,135,182,2.5,783600.0
R0533,International,Mid-market,4.5,0,127,171,1.1,794900.0
R0534,West,Enterprise,4.4,1,212,181,2.6,1183500.0
R0535,Central,Enterprise,8.4,0,244,179,2.4,1488600.0
R0536,East,Mid-market,3.0,1,170,195,2.5,948500.0
R0537,Central,Mid-market,4.7,0,224,199,1.8,988500.0
R0538,West,Mid-market,1.7,1,177,192,3.9,1298800.0
R0539,East,Mid-market,6.8,1,246,182,2.3,1355500.0
R0540,West,SMB,4.1,0,77,198,1.0,214200.0
R0541,Central,SMB,4.6,1,126,172,3.4,777600.0
R0542,East,SMB,6.0,1,144,192,2.3,891300.0
R0543,West,Mid-market,11.2,1,147,223,2.0,629000.0
R0544,West,SMB,3.3,1,62,165,1.5,283800.0
R0545,West,Mid-market,7.5,1,131,194,3.3,768400.0
R0546,West,Enterprise,3.6,0,257,184,2.5,2314500.0
R0547,East,Mid-market,1.0,0,120,176,1.6,734000.0
R0548,Central,SMB,3.1,1,126,195,1.4,728300.0
R0549,Central,Mid-market,6.5,1,207,209,3.4,1163200.0
R0550,Central,SMB,3.8,0,101,169,1.0,395700.0
R0551,West,SMB,3.6,0,100,167,1.5,611700.0
R0552,East,SMB,3.2,0,135,184,1.2,746900.0
R0553,East,Mid-market,2.2,0,171,164,1.9,891800.0
R0554,West,Mid-market,6.2,0,191,185,1.3,568200.0
R0555,East,SMB,2.8,1,131,181,2.4,707500.0
R0556,West,Mid-market,2.2,1,190,206,3.8,1208500.0
R0557,East,Enterprise,4.7,1,251,206,4.2,1983600.0
R0558,Central,Enterprise,3.3,1,245,215,4.1,1873300.0
R0559,East,Enterprise,1.3,0,192,192,1.3,994200.0
R0560,Central,SMB,4.0,0,102,190,1.1,558400.0
R0561,East,Enterprise,6.6,1,383,209,4.2,2660200.0
R0562,East,SMB,3.8,1,148,187,1.7,705100.0
R0563,Central,Mid-market,2.4,0,166,148,1.0,611700.0
R0564,West,Enterprise,6.3,0,259,193,2.0,1155400.0
R0565,West,Mid-market,2.0,1,242,181,3.5,1384700.0
R0566,West,Enterprise,1.2,0,236,189,2.9,1431900.0
R0567,West,Mid-market,2.7,0,235,169,1.9,1167800.0
R0568,West,SMB,2.3,0,123,175,1.6,811500.0
R0569,Central,SMB,1.9,0,103,158,1.0,446900.0
R0570,International,Enterprise,8.2,0,309,195,3.4,1931800.0
R0571,West,SMB,6.6,0,94,196,1.0,284200.0
R0572,East,SMB,1.8,0,147,173,2.0,930100.0
R0573,West,Enterprise,6.4,1,353,206,4.6,3117000.0
R0574,West,SMB,7.3,0,150,184,1.7,601800.0
R0575,East,SMB,3.5,0,103,166,1.4,451900.0
R0576,International,SMB,5.1,0,109,173,1.0,364900.0
R0577,International,SMB,3.4,1,191,163,2.1,845400.0
R0578,West,SMB,2.8,0,104,177,1.7,711100.0
R0579,West,Enterprise,4.2,0,245,156,2.6,1985900.0
R0580,East,SMB,2.8,1,131,199,3.1,814100.0
R0581,West,Mid-market,6.0,1,232,189,3.2,1266100.0
R0582,Central,SMB,4.1,0,143,149,1.9,734700.0
R0583,Central,SMB,2.0,0,94,187,1.6,421000.0
R0584,Central,Mid-market,2.8,0,189,174,1.2,735600.0
R0585,East,Enterprise,2.3,1,306,238,3.8,1830500.0
R0586,East,SMB,1.9,0,88,185,1.0,387100.0
R0587,Central,Mid-market,2.6,1,182,194,2.1,1177900.0
R0588,East,Enterprise,3.2,1,235,190,3.2,1579400.0
R0589,East,Mid-market,4.2,0,176,169,1.0,465200.0
R0590,West,Mid-market,1.8,0,146,185,1.3,1021400.0
R0591,West,Mid-market,2.9,0,146,199,1.0,757800.0
R0592,West,SMB,0.5,0,86,181,1.0,481400.0
R0593,East,Enterprise,5.6,0,321,190,2.9,2460100.0
R0594,West,Mid-market,6.9,1,172,196,3.8,1262600.0
R0595,West,Mid-market,2.7,0,227,194,2.0,1436800.0
R0596,West,Mid-market,10.8,0,226,188,2.0,1350600.0
R0597,International,Enterprise,3.6,1,321,198,3.9,2168200.0
R0598,West,Mid-market,2.1,0,141,193,2.0,861000.0
R0599,East,SMB,1.9,0,101,193,1.0,423400.0
R0600,East,SMB,8.0,0,144,185,1.5,759600.0
R0601,East,Mid-market,5.2,0,158,190,1.6,807600.0
R0602,East,SMB,3.6,0,119,174,1.1,666700.0
R0603,East,SMB,0.9,0,107,184,1.8,397100.0
R0604,West,Mid-market,3.4,0,206,187,3.1,1869300.0
R0605,East,Mid-market,5.5,0,251,179,1.5,1038400.0
R0606,West,Enterprise,1.5,0,231,168,2.7,1322800.0
R0607,International,Mid-market,2.3,1,189,182,2.4,1086300.0
R0608,East,Enterprise,1.3,1,180,176,2.4,1290200.0
R0609,West,SMB,1.2,1,157,193,3.6,1318500.0
R0610,East,Mid-market,4.9,1,187,177,2.9,1123100.0
R0611,Central,Mid-market,2.1,1,193,204,2.2,835000.0
R0612,East,Mid-market,0.7,0,123,167,1.0,419700.0
R0613,East,Mid-market,2.3,0,116,161,1.8,920600.0
R0614,West,SMB,0.3,1,86,187,1.6,402600.0
R0615,East,SMB,1.4,0,84,191,1.0,243500.0
R0616,West,Mid-market,11.0,0,158,204,1.2,388100.0
R0617,International,Mid-market,7.5,0,155,180,1.0,724100.0
R0618,Central,SMB,3.1,1,127,202,2.0,401200.0
R0619,West,Enterprise,0.9,0,260,179,2.6,1470100.0
R0620,East,Mid-market,6.8,1,288,216,4.4,1599400.0
R0621,Central,SMB,3.3,1,145,224,1.6,772000.0
R0622,West,SMB,2.4,0,89,210,1.0,402400.0
R0623,International,Mid-market,5.9,1,191,206,2.5,1327000.0
R0624,West,Enterprise,5.0,0,207,186,1.7,1328700.0
R0625,East,Mid-market,5.2,1,181,215,2.8,1050000.0
R0626,East,SMB,1.5,1,141,205,2.4,929800.0
R0627,International,Enterprise,3.1,1,283,205,3.7,1803800.0
R0628,West,SMB,2.9,0,85,188,1.0,390100.0
R0629,East,Enterprise,4.8,1,177,193,3.8,1712400.0
R0630,Central,Mid-market,1.3,0,188,167,1.8,1197500.0
R0631,East,Mid-market,2.4,1,135,184,2.5,1342300.0
R0632,Central,SMB,7.3,0,132,165,1.3,634400.0
R0633,East,Enterprise,5.4,1,213,206,2.9,1283300.0
R0634,East,SMB,2.9,0,111,174,1.6,584800.0
R0635,East,Mid-market,1.7,0,204,200,2.6,1943200.0
R0636,East,Enterprise,4.9,1,319,229,2.1,1063000.0
R0637,International,Mid-market,2.9,0,153,196,1.2,679400.0
R0638,East,Mid-market,1.6,0,170,171,1.0,785900.0
R0639,East,SMB,3.1,0,101,180,1.0,317500.0
R0640,International,Mid-market,3.9,0,139,174,1.4,952500.0
R0641,East,Mid-market,5.1,0,197,177,1.3,821300.0
R0642,West,SMB,1.5,0,111,180,1.4,550100.0
R0643,International,Mid-market,2.6,0,115,171,1.6,809200.0
R0644,Central,Mid-market,7.4,1,173,178,2.8,893400.0
R0645,West,Enterprise,1.9,1,245,209,3.3,1750000.0
R0646,West,Enterprise,2.3,0,249,185,3.1,2161900.0
R0647,International,Mid-market,6.1,1,240,181,3.4,2144300.0
R0648,West,SMB,7.5,0,99,186,1.0,408200.0
R0649,East,SMB,6.6,0,116,166,1.0,364300.0
R0650,Central,Enterprise,6.5,0,239,192,2.9,1686700.0
R0651,Central,SMB,1.5,1,110,221,2.2,697900.0
R0652,Central,Mid-market,5.4,1,232,193,3.7,1633000.0
R0653,Central,Mid-market,6.8,0,198,183,2.2,836700.0
R0654,Central,Mid-market,2.6,0,165,180,1.5,908300.0
R0655,International,Enterprise,0.7,1,262,204,4.3,2880800.0
R0656,International,Enterprise,4.4,1,362,170,4.0,2400100.0
R0657,Central,Enterprise,5.9,0,301,184,2.4,2704900.0
R0658,International,Enterprise,3.5,1,251,180,4.6,2901800.0
R0659,West,SMB,0.5,0,134,176,1.9,866800.0
R0660,West,Mid-market,2.6,0,142,181,2.1,931400.0
R0661,East,Mid-market,6.4,1,182,196,2.6,1078500.0
R0662,West,Enterprise,0.6,0,219,182,2.0,1110300.0
R0663,Central,Enterprise,1.2,1,273,201,3.9,2119800.0
R0664,West,SMB,4.3,1,99,184,1.4,317100.0
R0665,Central,Mid-market,1.5,0,140,205,2.3,829900.0
R0666,East,Mid-market,1.8,0,156,178,2.3,1209500.0
R0667,Central,Enterprise,6.3,0,218,171,3.1,1369000.0
R0668,East,Enterprise,5.2,0,289,191,2.8,2044900.0
R0669,East,SMB,3.8,0,144,180,2.4,603100.0
R0670,West,Mid-market,8.2,0,178,180,2.6,1350300.0
R0671,East,SMB,4.3,0,119,162,1.0,577700.0
R0672,West,SMB,2.8,0,120,193,1.2,666600.0
R0673,East,SMB,7.3,0,125,188,1.0,509600.0
R0674,East,SMB,8.1,1,188,185,3.1,957400.0
R0675,West,SMB,1.7,0,143,142,2.4,943300.0
R0676,East,SMB,2.6,1,89,222,1.1,428300.0
R0677,Central,SMB,4.6,0,88,171,1.0,436100.0
R0678,Central,SMB,1.2,1,112,181,3.0,672300.0
R0679,International,Mid-market,0.8,0,172,183,2.1,1011000.0
R0680,East,Enterprise,3.3,1,215,220,3.5,1945100.0
R0681,West,SMB,1.3,1,85,196,1.0,415300.0
R0682,Central,Mid-market,0.6,1,188,182,2.2,905400.0
R0683,West,SMB,0.7,0,88,192,1.0,224100.0
R0684,East,Mid-market,4.3,1,198,178,3.2,743700.0
R0685,Central,Enterprise,6.4,0,299,160,2.3,1467800.0
R0686,Central,SMB,4.2,1,149,178,2.7,550400.0
R0687,Central,SMB,5.3,0,119,183,1.2,338100.0
R0688,East,Mid-market,1.6,1,217,199,3.6,1454200.0
R0689,East,SMB,2.4,0,106,170,1.4,591600.0
R0690,West,SMB,3.9,0,158,182,1.9,856200.0
R0691,Central,SMB,2.0,0,111,186,1.4,531200.0
R0692,Central,Mid-market,5.4,0,233,175,2.4,1317400.0
R0693,West,Enterprise,4.8,1,215,191,4.3,3339900.0
R0694,Central,SMB,3.9,0,141,158,2.4,845200.0
R0695,Central,Enterprise,3.8,0,217,162,1.8,1249600.0
R0696,International,Mid-market,1.8,0,111,169,1.6,558100.0
R0697,Central,SMB,0.9,1,96,189,2.4,562500.0
R0698,East,Enterprise,1.3,1,191,210,2.3,1128600.0
R0699,West,Enterprise,3.1,1,266,206,3.1,1571600.0
R0700,International,SMB,1.1,0,134,170,1.4,559300.0
R0701,East,Enterprise,7.2,1,241,196,3.6,1072400.0
R0702,West,SMB,5.7,1,221,188,3.6,1392600.0
R0703,East,Mid-market,4.4,1,149,184,2.4,767500.0
R0704,West,SMB,7.0,0,161,158,2.8,1429100.0
R0705,East,Mid-market,4.8,1,142,185,2.7,910900.0
R0706,East,SMB,5.4,1,141,210,2.4,719900.0
R0707,East,Enterprise,4.7,1,193,189,3.5,1959700.0
R0708,Central,Mid-market,0.9,1,243,215,4.1,2821800.0
R0709,West,Mid-market,5.3,0,175,194,1.7,737600.0
R0710,West,SMB,3.9,1,86,203,2.7,427500.0
R0711,Central,Enterprise,5.6,1,219,214,4.3,3323000.0
R0712,East,Enterprise,6.7,1,258,209,3.7,1846900.0
R0713,West,Enterprise,14.8,1,227,201,3.1,1804500.0
R0714,West,SMB,8.1,0,110,170,1.0,341100.0
R0715,West,SMB,2.4,0,100,187,1.0,375500.0
R0716,International,Mid-market,2.7,0,155,176,1.3,760900.0
R0717,West,Mid-market,4.7,1,221,205,2.3,1484600.0
R0718,Central,Enterprise,7.5,1,426,210,4.9,3974400.0
R0719,West,SMB,3.5,0,125,187,1.2,503200.0
R0720,West,SMB,7.4,1,148,205,3.0,804300.0
R0721,West,Enterprise,3.0,0,181,186,1.5,846400.0
R0722,East,SMB,7.9,1,134,203,1.6,888600.0
R0723,International,Enterprise,3.0,1,300,203,4.8,3410100.0
R0724,International,Enterprise,1.5,0,224,165,1.5,768800.0
R0725,Central,Mid-market,3.3,1,197,190,3.1,1137500.0
R0726,Central,Mid-market,3.9,1,192,229,3.1,1182200.0
R0727,Central,Mid-market,1.5,0,167,186,1.8,538900.0
R0728,East,SMB,2.0,0,59,206,1.0,265100.0
R0729,West,Enterprise,2.0,1,298,195,4.6,3362700.0
R0730,Central,Mid-market,3.3,0,119,196,1.0,526500.0
R0731,West,SMB,2.1,1,113,193,2.2,1003700.0
R0732,West,Mid-market,2.2,0,132,154,1.0,675500.0
R0733,Central,Mid-market,3.7,0,140,179,1.3,868900.0
R0734,East,Mid-market,0.9,1,152,205,3.3,1195200.0
R0735,East,SMB,2.3,0,154,191,1.4,585400.0
R0736,West,Mid-market,4.0,1,166,224,3.3,1446500.0
R0737,Central,SMB,4.7,1,146,206,1.4,632000.0
R0738,West,SMB,2.4,0,131,190,2.1,966600.0
R0739,West,Enterprise,5.4,0,281,185,2.5,2089600.0
R0740,Central,SMB,5.4,0,118,171,1.5,619300.0
R0741,International,SMB,4.8,0,131,193,1.8,682400.0
R0742,Central,SMB,8.1,0,170,172,1.2,838300.0
R0743,Central,Mid-market,1.9,1,159,195,3.6,1507700.0
R0744,East,SMB,2.2,0,156,190,2.1,717400.0
R0745,West,SMB,0.8,1,109,184,2.4,669100.0
R0746,West,Mid-market,1.5,0,203,195,2.5,1353300.0
R0747,International,SMB,4.4,1,132,198,2.9,1077200.0
R0748,Central,SMB,3.3,0,129,163,1.0,406400.0
R0749,East,SMB,1.5,1,125,203,2.0,566100.0
R0750,East,Enterprise,6.0,0,371,187,2.9,2601400.0
R0751,International,SMB,10.6,1,90,194,2.0,573700.0
R0752,Central,Mid-market,1.1,1,247,222,3.8,2363900.0
R0753,East,Enterprise,1.4,0,145,185,2.2,830500.0
R0754,Central,Enterprise,8.8,1,374,211,3.2,1774600.0
R0755,West,Enterprise,1.0,1,250,184,4.0,2502600.0
R0756,East,SMB,1.6,0,70,185,1.0,230400.0
R0757,West,SMB,5.7,0,102,182,1.0,359500.0
R0758,Central,SMB,7.1,0,123,170,1.1,626800.0
R0759,West,SMB,4.5,1,98,204,2.7,606800.0
R0760,West,Mid-market,6.5,1,143,210,2.6,891100.0
R0761,East,Mid-market,9.7,0,231,178,2.6,1127800.0
R0762,East,SMB,8.6,1,172,195,2.4,772100.0
R0763,West,SMB,2.6,1,136,193,1.8,765600.0
R0764,East,Mid-market,4.0,1,212,223,3.0,1315300.0
R0765,West,SMB,8.3,0,220,178,2.0,1071600.0
R0766,West,Enterprise,3.1,1,223,194,4.0,2019000.0
R0767,East,Mid-market,5.7,1,127,222,2.8,869600.0
R0768,West,Mid-market,5.1,1,130,180,2.2,675700.0
R0769,Central,Mid-market,1.0,0,117,163,2.4,1060900.0
R0770,West,Mid-market,1.9,0,151,160,1.0,621900.0
R0771,Central,Mid-market,2.6,0,151,183,2.0,1092000.0
R0772,Central,Mid-market,3.0,1,152,222,3.5,1017100.0
R0773,West,Enterprise,2.3,0,216,175,2.1,1449600.0
R0774,West,Mid-market,6.3,0,145,173,1.0,560800.0
R0775,West,Mid-market,3.5,0,139,189,1.6,768600.0
R0776,East,SMB,8.8,0,112,171,1.0,328600.0
R0777,West,SMB,3.6,0,105,183,1.0,364300.0
R0778,West,Mid-market,2.6,0,173,181,2.4,1047200.0
R0779,West,Mid-market,2.4,0,160,159,1.0,760400.0
R0780,International,SMB,1.4,0,57,177,1.0,166600.0
R0781,Central,Mid-market,4.8,1,206,182,3.0,1308500.0
R0782,Central,Enterprise,0.3,1,249,212,3.7,2402300.0
R0783,East,SMB,3.4,0,96,187,2.2,551500.0
R0784,West,Mid-market,2.8,1,119,224,1.7,612200.0
R0785,East,Mid-market,3.9,1,203,209,3.7,1825200.0
R0786,Central,Mid-market,1.7,0,104,148,1.5,429400.0
R0787,East,Mid-market,3.1,1,108,229,3.5,887900.0
R0788,Central,Mid-market,1.8,1,222,194,3.2,1797900.0
R0789,East,Mid-market,2.6,0,254,172,2.6,1431400.0
R0790,East,Mid-market,4.4,0,175,184,1.0,588900.0
R0791,Central,SMB,4.5,0,140,167,1.4,689800.0
R0792,East,SMB,5.1,0,109,198,1.1,621300.0
R0793,East,Enterprise,2.9,0,359,170,3.4,3389200.0
R0794,West,Mid-market,4.0,1,196,245,3.1,1211200.0
R0795,West,Mid-market,3.4,1,185,217,2.7,956300.0
R0796,West,SMB,4.0,1,95,198,1.4,464700.0
R0797,East,Enterprise,6.6,1,278,192,4.6,2846600.0
R0798,International,Enterprise,4.4,1,312,227,3.6,2744000.0
R0799,Central,SMB,0.9,0,115,180,1.3,637800.0
R0800,West,SMB,2.2,1,144,181,2.3,947500.0
R0801,East,Mid-market,3.1,0,128,174,1.0,398300.0
R0802,International,Enterprise,2.8,1,348,184,3.9,3177000.0
R0803,Central,Mid-market,0.5,0,145,142,2.7,992500.0
R0804,East,SMB,2.3,0,139,183,1.8,840700.0
R0805,West,Mid-market,2.1,0,137,182,1.7,692700.0
R0806,West,SMB,4.8,0,149,181,1.4,704600.0
R0807,International,SMB,4.0,0,102,184,1.6,638600.0
R0808,East,SMB,3.5,0,127,192,1.0,491500.0
R0809,West,SMB,5.4,0,111,157,1.5,546500.0
R0810,Central,Mid-market,1.7,1,206,206,3.2,1909600.0
R0811,East,SMB,3.9,1,98,211,1.1,388400.0
R0812,Central,Enterprise,5.4,1,244,212,3.2,2147000.0
R0813,West,SMB,2.3,0,86,189,1.0,441300.0
R0814,East,SMB,2.4,0,79,185,1.0,234600.0
R0815,West,Mid-market,5.7,0,155,181,1.2,1005800.0
R0816,East,SMB,1.6,0,96,173,1.0,367100.0
R0817,East,Enterprise,1.1,1,157,207,2.3,1013200.0
R0818,International,Enterprise,4.7,1,338,189,3.8,1746500.0
R0819,Central,Mid-market,4.1,0,224,192,2.0,1541100.0
R0820,East,Enterprise,6.2,1,334,206,3.8,1765200.0
R0821,International,Mid-market,3.9,0,284,174,2.2,2262600.0
R0822,Central,SMB,6.8,0,151,202,1.0,477800.0
R0823,West,Enterprise,2.2,1,197,216,3.7,2139800.0
R0824,West,SMB,2.4,0,138,194,1.0,509100.0
R0825,West,Enterprise,1.8,0,187,191,3.1,1270400.0
R0826,Central,Enterprise,5.9,1,288,202,3.4,1944900.0
R0827,West,Enterprise,1.2,1,173,203,2.9,1099200.0
R0828,East,Mid-market,1.5,0,191,187,1.1,726300.0
R0829,International,SMB,2.1,0,69,170,1.0,325900.0
R0830,East,Mid-market,5.3,1,171,191,2.6,1195600.0
R0831,West,Mid-market,1.1,0,174,180,2.9,1512000.0
R0832,Central,SMB,1.5,0,103,185,1.5,601700.0
R0833,East,Mid-market,7.2,1,178,177,2.8,980400.0
R0834,East,SMB,7.9,0,269,179,1.2,1158100.0
R0835,West,SMB,3.0,0,149,179,1.0,716600.0
R0836,International,SMB,2.1,0,137,167,1.0,509900.0
R0837,International,SMB,13.7,0,139,179,1.2,567000.0
R0838,Central,Mid-market,5.8,1,201,212,2.5,981400.0
R0839,Central,Mid-market,5.5,1,127,179,2.8,743600.0
R0840,East,SMB,5.4,1,150,191,1.9,630300.0
R0841,East,Enterprise,2.5,0,258,178,3.1,2482000.0
R0842,West,Mid-market,5.6,0,176,161,1.8,764600.0
R0843,East,Enterprise,7.8,0,291,190,2.8,2022300.0
R0844,International,Mid-market,2.7,0,195,208,1.4,773300.0
R0845,Central,SMB,4.5,0,125,172,1.0,547500.0
R0846,West,SMB,2.7,0,119,173,1.3,436200.0
R0847,East,SMB,5.8,1,113,179,1.8,625000.0
R0848,West,Mid-market,4.1,0,99,190,1.0,736100.0
R0849,East,SMB,1.5,1,215,181,2.8,2057000.0
R0850,East,Mid-market,6.4,1,214,202,3.0,1301800.0
R0851,East,Mid-market,5.4,1,101,201,2.1,611500.0
R0852,Central,Mid-market,4.9,0,167,165,1.0,802700.0
R0853,Central,Mid-market,5.2,1,154,172,3.3,1098400.0
R0854,East,SMB,3.6,0,161,188,1.0,528700.0
R0855,International,SMB,10.2,1,153,192,2.7,896600.0
R0856,Central,SMB,5.3,1,132,189,2.1,602400.0
R0857,International,SMB,9.2,0,138,180,1.4,425200.0
R0858,International,SMB,2.8,0,177,180,2.5,1139700.0
R0859,Central,Mid-market,5.5,0,167,179,1.7,839600.0
R0860,Central,SMB,1.5,0,77,217,1.0,468200.0
R0861,East,Mid-market,6.1,0,193,167,1.3,1155900.0
R0862,East,SMB,8.0,1,133,202,2.1,786200.0
R0863,Central,SMB,3.5,0,147,182,1.8,734500.0
R0864,Central,Enterprise,7.7,0,286,200,3.2,1716000.0
R0865,Central,Enterprise,0.4,0,219,177,2.1,2069200.0
R0866,Central,SMB,4.9,0,117,208,1.0,367300.0
R0867,West,SMB,1.0,0,111,171,1.9,701400.0
R0868,International,Mid-market,3.4,0,186,172,2.6,1198900.0
R0869,Central,SMB,0.5,0,87,181,1.0,399700.0
R0870,International,SMB,3.2,0,136,192,1.0,383100.0
R0871,Central,Mid-market,0.7,0,208,156,1.9,1346400.0
R0872,West,SMB,1.3,0,106,193,1.0,597700.0
R0873,West,Mid-market,4.4,1,243,192,3.0,1573400.0
R0874,West,SMB,4.4,0,145,173,1.0,874000.0
R0875,International,Enterprise,1.7,1,230,217,3.8,2381500.0
R0876,East,SMB,8.9,0,122,174,1.6,522800.0
R0877,International,Enterprise,1.8,1,244,198,3.4,2473600.0
R0878,East,SMB,5.8,0,153,168,1.2,715700.0
R0879,East,Mid-market,4.6,1,147,204,2.1,761700.0
R0880,East,SMB,3.0,1,129,198,2.7,797900.0
R0881,West,Mid-market,6.3,0,160,194,1.4,461900.0
R0882,East,Enterprise,2.2,1,295,177,3.6,1701300.0
R0883,Central,Enterprise,3.4,0,198,199,1.4,1297300.0
R0884,East,SMB,1.9,0,158,182,1.6,592600.0
R0885,East,SMB,4.8,0,168,208,1.3,622600.0
R0886,East,Enterprise,6.4,1,265,177,3.4,1962200.0
R0887,International,Enterprise,10.7,1,292,176,4.2,1819000.0
R0888,Central,Mid-market,0.3,1,159,206,3.1,1349600.0
R0889,Central,Mid-market,4.3,0,142,208,1.0,661400.0
R0890,West,SMB,12.4,0,170,164,1.2,904100.0
R0891,Central,SMB,4.6,0,104,170,1.0,329400.0
R0892,Central,Enterprise,0.6,1,170,199,2.4,915700.0
R0893,East,SMB,5.3,0,109,199,1.0,471200.0
R0894,Central,Enterprise,4.0,1,277,221,3.3,2195200.0
R0895,East,Enterprise,1.8,0,168,195,2.4,1199400.0
R0896,West,SMB,1.2,1,158,184,3.3,1096100.0
R0897,East,SMB,2.1,1,117,163,3.4,631400.0
R0898,Central,Mid-market,4.6,1,206,177,2.9,1302700.0
R0899,Central,Enterprise,0.9,0,217,179,2.3,1557200.0
R0900,West,SMB,1.2,0,76,190,1.0,294400.0
R0901,International,Mid-market,5.8,1,211,198,2.7,1108300.0
R0902,West,Mid-market,1.1,1,161,188,3.4,856100.0
R0903,East,SMB,1.3,0,75,200,1.2,316100.0
R0904,West,SMB,5.1,1,122,156,2.6,685400.0
R0905,East,SMB,2.4,0,100,164,1.3,554400.0
R0906,East,SMB,6.9,0,134,198,1.0,450600.0
R0907,West,SMB,0.7,1,167,167,2.3,618100.0
R0908,Central,SMB,3.5,0,145,171,1.0,538400.0
R0909,International,Mid-market,4.4,0,165,175,1.4,758800.0
R0910,West,SMB,2.8,0,143,191,1.0,688000.0
R0911,East,Mid-market,1.8,1,158,192,2.8,1097700.0
R0912,East,Mid-market,1.0,1,214,188,2.9,1315600.0
R0913,International,Mid-market,1.6,0,272,174,2.4,1469200.0
R0914,East,Enterprise,2.9,1,206,195,3.6,1676500.0
R0915,East,SMB,2.5,1,169,213,1.4,670200.0
R0916,East,Enterprise,2.8,1,235,214,3.8,2275400.0
R0917,Central,SMB,2.0,0,98,187,1.0,535400.0
R0918,West,Enterprise,2.6,1,246,209,3.7,1947300.0
R0919,West,Enterprise,4.4,1,155,211,1.9,902000.0
R0920,West,Mid-market,3.2,1,159,198,2.8,1239000.0
R0921,East,Mid-market,5.8,0,136,166,1.4,780500.0
R0922,West,Mid-market,6.6,1,187,191,3.3,801900.0
R0923,Central,Mid-market,4.7,1,206,178,3.7,1671700.0
R0924,Central,SMB,3.9,1,174,187,2.8,1182500.0
R0925,West,Enterprise,2.3,1,313,207,4.1,3112100.0
R0926,Central,Enterprise,4.3,0,217,176,1.8,1020800.0
R0927,Central,SMB,7.3,0,120,182,1.2,599700.0
R0928,West,SMB,2.1,0,135,192,1.0,710300.0
R0929,Central,Mid-market,3.6,0,173,166,2.0,840600.0
R0930,International,SMB,9.2,0,97,177,1.4,367900.0
R0931,Central,Mid-market,4.4,0,207,182,2.6,1229900.0
R0932,West,Enterprise,1.5,0,232,180,2.3,1275800.0
R0933,Central,SMB,7.7,0,74,176,1.0,305200.0
R0934,East,SMB,6.2,0,147,155,1.3,407500.0
R0935,West,Mid-market,3.4,1,159,190,3.3,980100.0
R0936,East,Enterprise,2.8,1,245,215,3.2,2417700.0
R0937,East,SMB,0.7,0,162,182,1.7,540800.0
R0938,East,Mid-market,10.5,1,285,193,4.2,2497200.0
R0939,Central,Mid-market,6.5,1,195,182,2.2,1092200.0
R0940,Central,SMB,4.6,0,172,170,1.1,703800.0
R0941,East,Mid-market,3.5,0,172,178,2.0,1068100.0
R0942,East,SMB,2.3,0,117,196,1.0,489600.0
R0943,West,Mid-market,5.1,0,249,195,1.7,1183500.0
R0944,Central,Mid-market,6.1,1,180,180,2.5,985500.0
R0945,East,Mid-market,1.9,0,93,173,1.0,425500.0
R0946,Central,Mid-market,1.3,0,110,163,1.4,640200.0
R0947,Central,Enterprise,3.0,0,193,163,3.0,2450300.0
R0948,Central,SMB,3.5,0,85,162,1.4,368500.0
R0949,West,Enterprise,10.3,0,342,189,2.3,2113600.0
R0950,East,Mid-market,0.9,0,184,170,1.8,1002400.0
R0951,International,Enterprise,5.5,1,357,184,4.8,3792100.0
R0952,West,Mid-market,3.9,0,205,200,1.0,964600.0
R0953,East,Mid-market,5.3,0,225,189,2.6,1745800.0
R0954,Central,Mid-market,2.4,0,121,173,1.0,624400.0
R0955,East,Mid-market,3.4,0,123,178,1.0,377100.0
R0956,West,SMB,4.0,0,104,179,1.0,405000.0
R0957,East,SMB,9.1,1,134,187,2.7,726400.0
R0958,West,SMB,0.4,1,117,218,1.0,544100.0
R0959,West,Mid-market,1.3,1,173,205,3.5,1205200.0
R0960,Central,SMB,16.9,0,144,184,1.6,787900.0
R0961,Central,SMB,4.4,1,96,182,1.2,262000.0
R0962,West,SMB,6.7,0,106,179,1.1,495800.0
R0963,East,SMB,4.6,0,159,176,1.7,573700.0
R0964,East,SMB,2.7,0,100,176,1.0,420000.0
R0965,East,Mid-market,4.8,0,176,173,1.6,776800.0
R0966,West,Enterprise,2.4,0,262,167,2.5,1779500.0
R0967,East,Mid-market,3.5,0,207,182,2.9,1071200.0
R0968,International,Enterprise,5.6,1,253,180,4.9,2600400.0
R0969,East,SMB,3.8,1,180,188,2.9,720200.0
R0970,Central,SMB,6.7,1,125,173,2.1,534900.0
R0971,International,Enterprise,3.2,0,223,173,2.9,2173200.0
R0972,Central,Enterprise,3.8,0,283,174,3.2,1878400.0
R0973,West,Mid-market,2.4,0,145,163,3.3,1297500.0
R0974,West,SMB,2.2,1,78,198,2.3,745100.0
R0975,International,SMB,9.1,1,184,196,3.0,1293400.0
R0976,West,Mid-market,5.5,1,165,180,2.8,1328600.0
R0977,Central,SMB,0.9,0,93,208,1.0,397500.0
R0978,West,SMB,4.3,0,154,182,1.1,511300.0
R0979,East,Enterprise,1.7,1,206,163,3.5,1605500.0
R0980,Central,Mid-market,3.1,0,137,195,1.0,654700.0
R0981,East,Mid-market,5.2,0,217,189,2.8,1296800.0
R0982,East,Mid-market,1.0,0,187,196,2.4,1488100.0
R0983,East,Mid-market,3.8,1,178,220,4.0,1359900.0
R0984,Central,Mid-market,4.6,1,137,199,3.3,1214200.0
R0985,East,SMB,6.0,0,145,173,1.0,541800.0
R0986,Central,SMB,1.6,0,92,176,1.0,276100.0
R0987,East,Mid-market,5.1,0,256,191,1.4,1094000.0
R0988,East,Mid-market,4.2,0,174,192,1.4,648500.0
R0989,International,Mid-market,7.5,0,227,193,2.1,967500.0
R0990,Central,SMB,4.6,0,112,154,1.0,490000.0
R0991,East,Mid-market,5.2,0,216,185,1.9,847400.0
R0992,West,SMB,3.7,1,124,209,2.6,789000.0
R0993,International,Enterprise,5.6,0,209,191,1.6,1150000.0
R0994,East,Enterprise,3.6,0,190,171,2.8,1287700.0
R0995,East,SMB,2.1,0,111,183,1.0,493000.0
R0996,Central,SMB,2.9,0,91,178,1.0,255200.0
R0997,Central,Mid-market,2.6,1,325,232,4.0,1416700.0
R0998,West,Enterprise,5.1,1,192,205,3.6,1938900.0
R0999,West,Mid-market,6.8,0,200,201,1.1,955900.0
R1000,West,Enterprise,3.0,1,135,190,3.1,1327000.0
R1001,East,Mid-market,2.3,1,181,187,3.4,883500.0
R1002,Central,SMB,1.7,1,135,195,3.2,825000.0
R1003,Central,Enterprise,4.5,0,303,193,2.7,2717800.0
R1004,East,Mid-market,1.5,1,172,209,3.4,1065200.0
R1005,Central,Mid-market,4.8,1,195,189,2.9,895700.0
R1006,West,SMB,4.7,1,158,221,3.1,1141200.0
R1007,International,Enterprise,2.0,1,269,212,4.7,2180400.0
R1008,East,Mid-market,0.8,0,210,186,2.1,1314000.0
R1009,Central,SMB,9.7,0,159,157,1.0,468000.0
R1010,East,Mid-market,1.3,0,162,170,1.3,764500.0
R1011,West,SMB,4.1,1,160,177,1.3,742900.0
R1012,Central,Mid-market,2.8,0,138,216,1.5,564400.0
R1013,West,Mid-market,6.0,1,218,187,3.8,1313000.0
R1014,Central,Enterprise,4.1,1,284,204,3.2,1528400.0
R1015,Central,Mid-market,8.2,1,238,202,3.1,1702600.0
R1016,East,Mid-market,4.0,0,124,182,1.0,530700.0
R1017,West,SMB,2.1,0,125,181,1.9,716900.0
R1018,East,SMB,0.5,0,117,171,1.1,459800.0
R1019,West,SMB,4.3,0,138,169,1.7,731900.0
R1020,International,SMB,5.6,0,124,177,1.6,541100.0
R1021,West,Enterprise,0.3,1,309,199,3.7,2366500.0
R1022,International,Mid-market,7.0,0,210,186,2.6,1599300.0
R1023,West,Enterprise,6.4,0,256,187,3.4,1939100.0
R1024,Central,Mid-market,7.6,1,238,218,3.2,1318700.0
R1025,East,Enterprise,2.7,1,355,194,4.9,2654800.0
R1026,West,SMB,1.3,0,122,199,1.6,853200.0
R1027,West,SMB,1.2,0,127,181,1.7,1028900.0
R1028,Central,Mid-market,12.8,1,145,200,1.8,902300.0
R1029,East,Mid-market,1.6,0,110,187,1.3,668700.0
R1030,West,SMB,1.9,0,102,185,1.0,469800.0
R1031,Central,Enterprise,3.7,1,191,220,3.4,2312000.0
R1032,East,Mid-market,4.7,0,162,220,2.8,1119400.0
R1033,International,Enterprise,2.3,0,187,183,2.7,1209800.0
R1034,Central,Enterprise,5.6,0,184,170,1.0,727400.0
R1035,International,Mid-market,2.5,0,226,189,2.1,1671700.0
R1036,East,SMB,1.5,0,98,195,1.0,418000.0
R1037,Central,Mid-market,4.7,0,182,172,2.4,931500.0
R1038,West,SMB,4.6,0,152,193,2.1,673100.0
R1039,Central,SMB,3.4,0,104,185,1.0,425900.0
R1040,East,SMB,0.8,0,139,179,1.2,625800.0
R1041,West,SMB,3.4,0,85,197,1.0,325000.0
R1042,East,Mid-market,3.9,0,188,191,1.0,920800.0
R1043,West,Mid-market,0.8,0,107,173,1.0,559800.0
R1044,East,SMB,7.4,0,170,166,1.7,881500.0
R1045,International,Enterprise,5.3,1,253,194,4.4,2238400.0
R1046,International,SMB,5.4,1,158,177,3.2,825900.0
R1047,East,Enterprise,0.9,0,288,180,3.1,3066800.0
R1048,Central,SMB,0.9,0,63,204,1.0,204400.0
R1049,West,SMB,1.0,0,93,199,1.3,502700.0
R1050,West,SMB,5.6,0,176,198,2.7,1079100.0
R1051,Central,Enterprise,3.3,0,188,199,2.3,1084200.0
R1052,East,SMB,1.3,0,85,181,1.6,477800.0
R1053,East,Mid-market,2.6,0,118,176,1.1,887000.0
R1054,West,SMB,7.6,0,115,147,1.0,349600.0
R1055,West,Mid-market,7.2,1,149,183,1.5,738100.0
R1056,West,SMB,3.0,1,136,173,2.4,707400.0
R1057,West,Enterprise,5.3,0,208,160,1.9,909500.0
R1058,West,Mid-market,6.0,0,272,187,1.9,1650300.0
R1059,International,Mid-market,4.6,0,159,176,1.8,800900.0
R1060,West,Enterprise,3.5,0,276,195,3.1,3021300.0
R1061,International,Enterprise,2.5,0,217,167,1.4,1196000.0
R1062,Central,SMB,3.6,0,90,175,1.0,332800.0
R1063,International,SMB,3.5,1,93,195,2.1,544300.0
R1064,West,SMB,0.9,0,106,173,1.0,420400.0
R1065,Central,SMB,1.5,0,117,162,1.6,441900.0
R1066,International,SMB,2.2,0,92,153,1.0,405500.0
R1067,West,Enterprise,2.0,1,261,222,3.6,1679100.0
R1068,International,Mid-market,6.4,1,225,203,3.7,1728800.0
R1069,International,SMB,4.5,1,178,194,2.8,916600.0
R1070,Central,Mid-market,6.5,1,231,214,3.3,1477800.0
R1071,International,SMB,2.4,1,155,198,2.5,787500.0
R1072,East,Enterprise,6.8,1,376,200,4.3,4600100.0
R1073,International,SMB,0.7,0,109,160,1.0,743000.0
R1074,East,SMB,7.5,1,127,203,2.9,766000.0
R1075,Central,Enterprise,1.9,1,261,180,4.7,2834700.0
R1076,International,SMB,4.0,0,148,205,1.0,357100.0
R1077,East,Enterprise,4.8,1,333,193,3.8,2537800.0
R1078,East,SMB,8.5,0,148,173,1.0,929800.0
R1079,West,SMB,4.4,0,102,194,1.0,320000.0
R1080,Central,Enterprise,4.2,1,301,194,3.6,2953100.0
R1081,East,Mid-market,2.2,0,209,171,1.9,1508400.0
R1082,Central,SMB,2.3,0,120,187,1.6,627900.0
R1083,International,Mid-market,0.3,0,164,173,1.5,779300.0
R1084,West,Mid-market,1.5,0,142,158,1.3,799500.0
R1085,East,Mid-market,2.3,0,137,181,1.7,772900.0
R1086,East,SMB,0.5,0,119,169,1.7,562100.0
R1087,West,Mid-market,3.4,0,185,156,2.5,1413800.0
R1088,Central,SMB,1.5,1,132,180,2.5,1016100.0
R1089,International,Mid-market,2.8,1,187,221,2.3,567800.0
R1090,Central,Mid-market,2.6,1,147,200,2.1,631800.0
R1091,Central,SMB,1.9,0,130,187,1.0,582500.0
R1092,West,SMB,1.7,0,91,189,1.0,334700.0
R1093,East,SMB,2.2,0,134,178,1.2,410400.0
R1094,East,Mid-market,3.2,0,153,172,1.4,1005300.0
R1095,East,SMB,2.1,1,150,190,2.2,774100.0
R1096,West,Mid-market,1.7,0,199,172,1.0,687600.0
R1097,West,Enterprise,6.8,1,193,185,4.4,2181300.0
R1098,International,Mid-market,1.8,0,161,183,2.5,1634400.0
R1099,Central,Enterprise,1.5,1,253,214,4.4,2396200.0
R1100,West,SMB,2.0,1,89,207,2.2,591000.0
R1101,International,Enterprise,7.2,1,400,183,4.8,3696900.0
R1102,West,Mid-market,7.4,0,271,163,2.8,1966800.0
R1103,Central,SMB,1.8,0,161,182,1.1,773100.0
R1104,East,SMB,1.4,0,73,195,1.0,277600.0
R1105,West,Enterprise,2.9,1,329,172,4.9,3895000.0
R1106,West,Mid-market,5.7,0,170,195,1.3,852900.0
R1107,West,Enterprise,6.3,0,170,169,2.9,1442300.0
R1108,East,Mid-market,2.4,0,124,197,1.4,766700.0
R1109,Central,Mid-market,2.7,0,84,185,1.0,429900.0
R1110,West,SMB,2.4,1,112,216,2.9,1257600.0
R1111,International,Mid-market,4.8,0,167,179,2.4,700300.0
R1112,International,SMB,1.4,1,140,225,2.2,938300.0
R1113,Central,Enterprise,2.4,0,306,190,2.9,2616500.0
R1114,Central,SMB,2.0,0,118,181,1.2,515500.0
R1115,West,Mid-market,7.1,1,176,185,3.5,1162700.0
R1116,West,Mid-market,3.2,0,189,160,1.9,916700.0
R1117,West,Enterprise,2.6,0,231,176,2.8,1940000.0
R1118,West,Mid-market,1.3,0,134,199,2.0,668100.0
R1119,East,SMB,1.5,0,102,167,1.2,693900.0
R1120,Central,SMB,2.8,0,162,180,1.6,1181100.0
R1121,West,Mid-market,2.8,0,190,171,1.9,1543100.0
R1122,West,SMB,2.8,0,175,170,1.0,672600.0
R1123,West,Mid-market,3.7,0,134,185,1.6,593200.0
R1124,Central,Mid-market,0.9,0,114,183,2.1,939100.0
R1125,East,Mid-market,5.5,0,176,182,1.3,810600.0
R1126,West,Mid-market,2.7,1,160,221,2.8,685200.0
R1127,International,Enterprise,4.9,0,288,217,3.0,1714800.0
R1128,Central,SMB,7.3,0,115,173,1.0,257100.0
R1129,East,SMB,11.7,0,122,183,1.2,634400.0
R1130,West,SMB,5.7,0,127,174,1.0,533000.0
R1131,East,Mid-market,2.0,1,142,205,2.9,974600.0
R1132,International,SMB,2.1,0,109,176,1.1,614300.0
R1133,West,SMB,1.9,0,138,194,1.3,652900.0
R1134,International,SMB,6.1,1,126,207,2.5,559600.0
R1135,Central,Mid-market,6.4,0,181,207,1.0,865600.0
R1136,Central,Mid-market,6.0,1,225,228,4.5,2629000.0
R1137,West,Mid-market,4.2,0,259,183,3.4,2447100.0
R1138,East,Enterprise,5.4,1,317,203,4.5,2820600.0
R1139,East,Mid-market,2.5,1,296,184,3.8,2017100.0
R1140,Central,Mid-market,4.4,0,226,162,1.8,1460300.0
R1141,West,SMB,10.6,0,135,176,1.7,667600.0
R1142,East,Mid-market,9.8,1,204,202,3.2,1143300.0
R1143,East,Mid-market,3.7,0,168,174,1.2,882700.0
R1144,West,SMB,1.6,0,110,189,1.0,571400.0
R1145,West,Mid-market,2.3,1,164,229,2.4,994600.0
R1146,Central,SMB,10.7,1,121,187,1.9,431300.0
R1147,West,SMB,7.3,0,156,169,2.1,701200.0
R1148,East,SMB,2.3,0,95,192,1.3,605900.0
R1149,International,Enterprise,5.9,0,178,187,2.1,1505700.0
R1150,Central,Mid-market,9.4,0,167,167,3.0,888200.0
R1151,West,SMB,7.4,0,126,187,1.0,380800.0
R1152,West,Mid-market,5.3,0,177,184,1.0,1073700.0
R1153,Central,SMB,3.5,0,114,175,1.0,489700.0
R1154,East,Mid-market,0.6,1,140,198,1.8,827500.0
R1155,Central,Enterprise,3.5,1,270,202,4.5,1918800.0
R1156,East,Enterprise,0.6,0,237,192,3.7,2179800.0
R1157,West,SMB,3.6,0,110,165,1.0,350700.0
R1158,West,Mid-market,3.2,1,126,191,2.5,587900.0
R1159,International,Enterprise,4.2,0,258,175,2.7,1609000.0
R1160,International,SMB,2.9,0,185,161,2.4,941700.0
R1161,International,SMB,2.4,0,113,186,1.0,739300.0
R1162,East,SMB,3.8,0,129,211,1.0,523000.0
R1163,Central,Enterprise,10.6,0,276,169,3.2,2490800.0
R1164,East,Mid-market,5.8,0,102,174,1.0,563600.0
R1165,East,Enterprise,1.0,1,338,226,4.7,3687100.0
R1166,East,Enterprise,4.2,0,347,200,2.3,2089700.0
R1167,Central,SMB,2.1,0,127,191,1.3,610700.0
R1168,West,Mid-market,5.0,0,236,170,2.3,1725500.0
R1169,West,Mid-market,2.9,0,190,170,2.6,1456200.0
R1170,West,SMB,3.3,1,160,209,3.6,823600.0
R1171,International,Mid-market,4.1,0,167,187,2.3,1478800.0
R1172,Central,Mid-market,2.8,0,97,179,1.0,473700.0
R1173,West,Enterprise,8.5,0,278,169,2.5,1634400.0
R1174,East,SMB,2.1,1,139,196,2.1,745300.0
R1175,West,SMB,9.1,1,159,200,3.1,1314800.0
R1176,Central,Enterprise,4.4,1,274,210,3.9,2299000.0
R1177,West,Mid-market,7.0,1,218,181,3.0,1514600.0
R1178,West,Enterprise,2.3,0,267,168,2.8,1291600.0
R1179,Central,Mid-market,4.6,0,140,188,1.0,967800.0
R1180,West,Mid-market,7.0,0,200,169,2.2,1746000.0
R1181,East,Mid-market,3.3,0,155,175,2.5,889800.0
R1182,Central,Enterprise,3.5,0,283,183,2.8,2271700.0
R1183,East,SMB,0.3,0,79,184,1.0,409000.0
R1184,Central,Mid-market,4.1,0,188,203,2.6,1258500.0
R1185,International,SMB,5.2,0,155,192,1.6,737600.0
R1186,East,SMB,0.5,0,101,198,1.7,520400.0
R1187,East,Mid-market,2.6,0,166,166,1.2,904600.0
R1188,West,SMB,5.4,1,180,199,2.9,1512600.0
R1189,East,Enterprise,4.9,1,475,167,4.0,3576200.0
R1190,West,Mid-market,6.1,1,221,206,3.6,2029800.0
R1191,East,Mid-market,2.7,0,140,190,1.0,605000.0
R1192,Central,Enterprise,1.7,1,360,209,3.9,2995200.0
R1193,Central,Mid-market,2.0,0,130,197,2.0,794800.0
R1194,Central,SMB,2.4,0,111,166,1.0,529100.0
R1195,Central,Mid-market,4.8,0,165,197,1.6,971500.0
R1196,East,SMB,1.1,1,102,196,1.6,425500.0
R1197,East,Mid-market,3.8,0,146,203,1.4,635900.0
R1198,Central,SMB,5.5,1,177,215,2.2,684000.0
R1199,International,Mid-market,3.9,1,152,200,1.8,675400.0
R1200,Central,Mid-market,2.8,1,179,181,3.4,1824700.0
