seller_id,badge_granted
C0004,2024-12
C0009,before 2023
C0020,2024-04
C0031,2023-04
C0032,2025-04
C0035,2024-12
C0036,2024-03
C0038,2024-08
C0039,2024-03
C0042,2024-02
C0050,2023-04
C0056,before 2023
C0057,2023-10
C0062,2024-11
C0067,2023-05
C0082,2023-12
C0083,2024-11
C0087,2023-09
C0088,2024-09
C0090,before 2023
C0100,2025-01
C0101,2023-05
C0103,2025-07
C0109,2023-11
C0115,2025-10
C0116,before 2023
C0133,2024-03
C0137,before 2023
C0138,before 2023
C0140,2024-02
C0152,before 2023
C0157,2024-10
C0158,before 2023
C0160,2025-03
C0164,2024-11
C0178,before 2023
C0182,2025-03
C0183,before 2023
C0188,2023-07
C0191,2025-07
C0201,2024-03
C0207,2025-01
C0208,2025-01
C0209,before 2023
C0212,2024-08
C0227,2024-08
C0232,2025-08
C0237,2025-02
C0245,2024-04
C0257,2024-03
C0265,2023-05
C0266,2024-02
C0267,before 2023
C0269,2025-03
C0280,2024-07
C0287,2025-01
C0292,2025-04
C0302,2024-06
C0305,2024-07
C0306,2025-10
C0308,before 2023
C0313,2025-05
C0314,2024-06
C0315,2024-01
C0327,2024-03
C0335,2025-04
C0338,2024-02
C0340,2024-08
C0343,2025-02
C0351,2025-06
C0353,2025-02
C0355,2025-02
C0361,2024-03
C0364,2024-07
C0377,2024-04
C0383,2025-06
C0392,2025-02
C0398,2024-01
C0401,before 2023
C0405,before 2023
C0415,before 2023
C0429,2024-11
C0442,2023-07
C0448,2023-10
C0449,2025-02
C0459,2024-04
C0463,2023-04
C0478,2024-12
C0487,2025-09
C0488,2023-06
C0490,2024-04
C0492,2024-09
C0493,2023-11
C0499,before 2023
C0502,2023-09
C0506,2024-06
C0511,before 2023
C0517,2023-04
C0530,2023-06
C0537,2024-04
C0539,2024-07
C0540,2023-05
C0542,2025-08
C0548,2023-05
C0549,before 2023
C0552,2025-05
C0553,2023-06
C0560,before 2023
C0561,2025-10
C0564,2023-06
C0567,2023-11
C0578,2025-01
C0580,2025-09
C0595,2025-04
C0604,2023-08
C0605,2024-02
C0609,2024-04
C0618,2024-04
C0624,2025-08
C0625,2024-06
C0630,2024-05
C0631,2025-04
C0634,2025-08
C0640,2024-12
C0641,2024-05
C0642,2024-05
C0645,2025-02
C0648,2023-05
C0650,2024-03
C0656,2023-08
C0658,2023-12
C0660,2024-07
C0664,2024-04
C0665,2024-06
C0668,2024-07
C0684,2024-05
C0686,2024-09
C0690,2025-08
C0695,2024-12
C0713,2025-03
C0718,2024-05
C0719,2025-09
C0728,2024-04
C0731,2025-03
C0736,2023-07
C0741,2023-09
C0746,2023-04
C0758,2024-04
C0759,before 2023
C0767,2023-11
C0768,2023-06
C0777,before 2023
C0781,2025-10
C0782,2025-05
C0791,2025-06
C0792,before 2023
C0796,2024-02
C0801,before 2023
C0811,2024-05
C0814,2023-12
C0823,2025-01
C0828,2024-03
C0835,2023-09
C0842,2025-07
C0846,2023-06
C0849,2025-02
C0857,2024-12
C0861,2024-08
C0867,2025-01
C0868,2023-09
C0885,2024-09
C0890,2024-11
C0893,2024-03
C0896,2023-11
C0904,2025-03
C0908,2023-07
C0922,2024-02
C0934,2024-12
C0939,2023-12
C0950,2025-06
C0952,2025-01
C0955,2024-06
C0957,2024-10
C0971,before 2023
C0975,2025-10
C0978,2024-12
C0982,2025-01
C0984,before 2023
C0985,2024-08
C0993,2024-05
C0994,2024-08
C1002,2025-06
C1005,2025-02
C1012,2023-06
C1014,2023-06
C1023,before 2023
C1026,2024-04
C1029,2023-07
C1035,before 2023
C1036,2024-03
C1039,2024-03
C1042,2024-09
C1047,2024-07
C1056,2024-07
C1061,2025-09
C1064,2025-05
C1074,2024-11
C1078,2025-07
C1080,2023-10
C1085,2025-09
C1094,2024-09
C1104,2025-05
C1107,2023-12
C1111,2024-08
C1117,2025-08
C1119,2025-01
C1121,before 2023
C1122,2025-01
C1123,2023-10
C1128,2025-02
C1139,before 2023
C1140,2024-12
C1145,2024-02
C1147,2025-06
C1153,2023-12
C1164,2023-07
C1167,2024-01
C1169,2023-08
C1171,2023-05
C1175,2025-04
C1177,2024-12
C1178,before 2023
C1185,before 2023
C1219,2024-06
C1220,2023-06
C1231,before 2023
C1233,2024-09
C1236,2023-04
C1243,2025-07
C1245,2025-03
C1248,2023-08
C1249,2025-08
C1250,2024-06
C1251,2024-02
C1253,2023-05
C1254,2024-11
C1258,2025-05
C1262,2024-06
C1263,before 2023
C1264,2025-03
C1265,2025-06
C1271,2024-11
C1274,2023-06
C1276,before 2023
C1280,before 2023
C1285,before 2023
C1297,2025-08
C1303,2024-07
C1322,before 2023
C1331,2023-12
C1339,2023-08
C1340,2023-11
C1344,2025-03
C1346,2023-08
C1350,2025-04
C1352,2023-06
C1355,2024-10
C1357,2023-12
C1359,before 2023
C1364,before 2023
C1368,2024-04
C1373,2023-05
C1405,2023-05
C1417,before 2023
C1418,2023-09
C1439,2024-07
C1451,2024-10
C1458,2024-01
C1462,2024-03
C1464,2025-01
C1468,2025-01
C1470,before 2023
C1479,before 2023
C1482,2025-03
C1483,2023-07
C1484,2024-05
C1496,before 2023
C1502,2023-04
C1509,2024-04
C1523,2024-02
C1535,2024-05
C1537,2025-04
C1544,before 2023
C1557,2025-01
C1559,2023-07
C1562,2024-06
C1568,2023-12
C1578,2023-06
C1586,2023-07
C1588,2023-11
C1608,2024-02
C1611,2025-03
C1622,2024-10
C1627,before 2023
C1628,before 2023
C1639,2024-11
C1643,2025-01
C1645,2023-11
C1652,2023-11
C1661,2025-01
C1663,2025-07
C1667,2025-07
C1687,2023-08
C1694,before 2023
C1697,2025-03
C1701,2025-05
C1712,2025-04
C1715,2024-02
C1721,2025-01
C1727,before 2023
C1728,before 2023
C1730,before 2023
C1734,2024-03
C1749,2024-06
C1751,2024-06
C1766,2024-05
C1770,before 2023
C1776,2024-03
C1777,2025-06
C1780,2024-06
C1781,2023-08
C1790,2025-04
C1793,2023-10
C1794,2023-09
C1799,2023-04
C1824,before 2023
C1832,2025-09
C1842,2025-04
C1844,2025-05
C1845,2025-04
C1858,2023-12
C1871,2025-06
C1875,2023-10
C1876,2025-10
C1878,2025-02
C1881,before 2023
C1882,2024-08
C1883,before 2023
C1885,2023-09
C1887,2025-04
C1892,2025-07
C1895,2025-02
C1898,before 2023
C1903,2024-06
C1907,before 2023
C1908,2024-06
C1923,2023-05
C1930,2024-08
C1934,2024-02
C1935,2023-08
C1948,2025-06
C1950,2023-09
C1957,2024-05
C1960,2025-08
C1962,2023-06
C1967,2025-03
C1970,2023-12
C1987,2024-11
C1992,2023-11
