region,week,wholesale_cost
Northeast,2023-10-02,6.088
Northeast,2023-10-09,6.235
Northeast,2023-10-16,5.856
Northeast,2023-10-23,5.924
Northeast,2023-10-30,6.124
Northeast,2023-11-06,5.851
Northeast,2023-11-13,6.145
Northeast,2023-11-20,6.132
Northeast,2023-11-27,6.095
Northeast,2023-12-04,6.082
Northeast,2023-12-11,5.964
Northeast,2023-12-18,6.067
Northeast,2023-12-25,5.987
Northeast,2024-01-01,6.076
Northeast,2024-01-08,6.018
Northeast,2024-01-15,6.033
Northeast,2024-01-22,5.927
Northeast,2024-01-29,5.986
Northeast,2024-02-05,5.83
Northeast,2024-02-12,5.969
Northeast,2024-02-19,5.883
Northeast,2024-02-26,6.271
Northeast,2024-03-04,6.218
Northeast,2024-03-11,6.093
Northeast,2024-03-18,6.06
Northeast,2024-03-25,5.816
Northeast,2024-04-01,6.043
Northeast,2024-04-08,5.958
Northeast,2024-04-15,6.028
Northeast,2024-04-22,6.119
Northeast,2024-04-29,5.958
Northeast,2024-05-06,5.933
Northeast,2024-05-13,6.275
Northeast,2024-05-20,6.098
Northeast,2024-05-27,6.072
Northeast,2024-06-03,5.85
Northeast,2024-06-10,5.879
Northeast,2024-06-17,6.241
Northeast,2024-06-24,5.962
Northeast,2024-07-01,6.004
Northeast,2024-07-08,6.008
Northeast,2024-07-15,6.103
Northeast,2024-07-22,6.091
Northeast,2024-07-29,5.874
Northeast,2024-08-05,6.191
Northeast,2024-08-12,6.122
Northeast,2024-08-19,5.979
Northeast,2024-08-26,6.132
Northeast,2024-09-02,5.914
Northeast,2024-09-09,6.08
Northeast,2024-09-16,5.908
Northeast,2024-09-23,6.182
Northeast,2024-09-30,6.181
Northeast,2024-10-07,5.978
Northeast,2024-10-14,6.327
Northeast,2024-10-21,6.234
Northeast,2024-10-28,6.152
Northeast,2024-11-04,6.331
Northeast,2024-11-11,6.389
Northeast,2024-11-18,6.215
Northeast,2024-11-25,6.338
Northeast,2024-12-02,6.153
Northeast,2024-12-09,6.102
Northeast,2024-12-16,6.14
Northeast,2024-12-23,6.115
Northeast,2024-12-30,6.339
Northeast,2025-01-06,6.259
Northeast,2025-01-13,6.057
Northeast,2025-01-20,6.241
Northeast,2025-01-27,6.199
Northeast,2025-02-03,6.19
Northeast,2025-02-10,6.224
Northeast,2025-02-17,6.252
Northeast,2025-02-24,6.262
Northeast,2025-03-03,6.049
Northeast,2025-03-10,6.254
Northeast,2025-03-17,6.091
Northeast,2025-03-24,6.49
Northeast,2025-03-31,6.122
Northeast,2025-04-07,6.196
Northeast,2025-04-14,6.506
Northeast,2025-04-21,6.269
Northeast,2025-04-28,6.221
Northeast,2025-05-05,6.414
Northeast,2025-05-12,6.177
Northeast,2025-05-19,6.109
Northeast,2025-05-26,6.412
Northeast,2025-06-02,6.106
Northeast,2025-06-09,6.171
Northeast,2025-06-16,6.174
Northeast,2025-06-23,6.319
Northeast,2025-06-30,6.062
Northeast,2025-07-07,6.229
Northeast,2025-07-14,6.335
Northeast,2025-07-21,5.92
Northeast,2025-07-28,6.12
Northeast,2025-08-04,6.298
Northeast,2025-08-11,6.217
Northeast,2025-08-18,6.167
Northeast,2025-08-25,6.107
Northeast,2025-09-01,6.182
Northeast,2025-09-08,6.236
Northeast,2025-09-15,6.172
Northeast,2025-09-22,5.832
Northeast,2025-09-29,5.669
Northeast,2025-10-06,5.851
Northeast,2025-10-13,5.696
Northeast,2025-10-20,5.727
Northeast,2025-10-27,5.726
Northeast,2025-11-03,5.761
Northeast,2025-11-10,6.016
Northeast,2025-11-17,5.728
Northeast,2025-11-24,5.813
Northeast,2025-12-01,5.58
Northeast,2025-12-08,5.784
Northeast,2025-12-15,5.715
Northeast,2025-12-22,5.909
Northeast,2025-12-29,5.808
Northeast,2026-01-05,5.624
Northeast,2026-01-12,5.685
Northeast,2026-01-19,5.71
Northeast,2026-01-26,5.724
Northeast,2026-02-02,5.75
Northeast,2026-02-09,5.657
Northeast,2026-02-16,5.678
Northeast,2026-02-23,5.917
Northeast,2026-03-02,5.756
Northeast,2026-03-09,5.736
Northeast,2026-03-16,5.675
Northeast,2026-03-23,6.257
Northeast,2026-03-30,6.129
Northeast,2026-04-06,5.971
Northeast,2026-04-13,6.108
Northeast,2026-04-20,5.802
Northeast,2026-04-27,6.172
Northeast,2026-05-04,6.049
Northeast,2026-05-11,5.899
Northeast,2026-05-18,5.893
Northeast,2026-05-25,5.886
Northeast,2026-06-01,5.908
Northeast,2026-06-08,5.972
Northeast,2026-06-15,5.92
Northeast,2026-06-22,5.966
Northeast,2026-06-29,6.165
Northeast,2026-07-06,6.082
Northeast,2026-07-13,6.058
Northeast,2026-07-20,5.864
Northeast,2026-07-27,5.963
Northeast,2026-08-03,5.963
Northeast,2026-08-10,6.026
Northeast,2026-08-17,5.901
Northeast,2026-08-24,6.113
Northeast,2026-08-31,5.994
Northeast,2026-09-07,5.995
Northeast,2026-09-14,5.854
Northeast,2026-09-21,5.563
Southeast,2023-10-02,5.898
Southeast,2023-10-09,5.836
Southeast,2023-10-16,6.055
Southeast,2023-10-23,5.901
Southeast,2023-10-30,6.129
Southeast,2023-11-06,5.927
Southeast,2023-11-13,5.896
Southeast,2023-11-20,6.063
Southeast,2023-11-27,6.061
Southeast,2023-12-04,5.928
Southeast,2023-12-11,5.755
Southeast,2023-12-18,6.055
Southeast,2023-12-25,5.902
Southeast,2024-01-01,6.096
Southeast,2024-01-08,6.266
Southeast,2024-01-15,6.022
Southeast,2024-01-22,5.878
Southeast,2024-01-29,5.75
Southeast,2024-02-05,6.163
Southeast,2024-02-12,5.863
Southeast,2024-02-19,6.051
Southeast,2024-02-26,5.761
Southeast,2024-03-04,5.978
Southeast,2024-03-11,6.049
Southeast,2024-03-18,6.081
Southeast,2024-03-25,6.005
Southeast,2024-04-01,6.068
Southeast,2024-04-08,6.002
Southeast,2024-04-15,5.935
Southeast,2024-04-22,5.966
Southeast,2024-04-29,6.464
Southeast,2024-05-06,6.188
Southeast,2024-05-13,5.984
Southeast,2024-05-20,6.055
Southeast,2024-05-27,6.17
Southeast,2024-06-03,6.298
Southeast,2024-06-10,5.948
Southeast,2024-06-17,6.132
Southeast,2024-06-24,6.09
Southeast,2024-07-01,6.218
Southeast,2024-07-08,6.068
Southeast,2024-07-15,6.308
Southeast,2024-07-22,6.16
Southeast,2024-07-29,6.15
Southeast,2024-08-05,6.31
Southeast,2024-08-12,5.967
Southeast,2024-08-19,6.173
Southeast,2024-08-26,6.148
Southeast,2024-09-02,6.073
Southeast,2024-09-09,6.222
Southeast,2024-09-16,6.129
Southeast,2024-09-23,5.953
Southeast,2024-09-30,6.252
Southeast,2024-10-07,5.918
Southeast,2024-10-14,6.212
Southeast,2024-10-21,6.266
Southeast,2024-10-28,5.915
Southeast,2024-11-04,5.965
Southeast,2024-11-11,6.116
Southeast,2024-11-18,6.222
Southeast,2024-11-25,6.187
Southeast,2024-12-02,6.028
Southeast,2024-12-09,6.27
Southeast,2024-12-16,6.187
Southeast,2024-12-23,6.247
Southeast,2024-12-30,6.185
Southeast,2025-01-06,6.01
Southeast,2025-01-13,6.237
Southeast,2025-01-20,6.254
Southeast,2025-01-27,6.007
Southeast,2025-02-03,6.051
Southeast,2025-02-10,6.297
Southeast,2025-02-17,6.17
Southeast,2025-02-24,5.886
Southeast,2025-03-03,6.089
Southeast,2025-03-10,6.173
Southeast,2025-03-17,6.148
Southeast,2025-03-24,6.192
Southeast,2025-03-31,6.278
Southeast,2025-04-07,5.91
Southeast,2025-04-14,6.029
Southeast,2025-04-21,6.223
Southeast,2025-04-28,6.194
Southeast,2025-05-05,5.967
Southeast,2025-05-12,6.005
Southeast,2025-05-19,5.837
Southeast,2025-05-26,5.944
Southeast,2025-06-02,6.173
Southeast,2025-06-09,6.047
Southeast,2025-06-16,5.806
Southeast,2025-06-23,6.016
Southeast,2025-06-30,5.971
Southeast,2025-07-07,5.936
Southeast,2025-07-14,6.21
Southeast,2025-07-21,5.785
Southeast,2025-07-28,6.127
Southeast,2025-08-04,6.076
Southeast,2025-08-11,5.926
Southeast,2025-08-18,6.001
Southeast,2025-08-25,5.943
Southeast,2025-09-01,5.927
Southeast,2025-09-08,6.118
Southeast,2025-09-15,6.035
Southeast,2025-09-22,5.985
Southeast,2025-09-29,5.965
Southeast,2025-10-06,5.975
Southeast,2025-10-13,6.029
Southeast,2025-10-20,5.755
Southeast,2025-10-27,5.986
Southeast,2025-11-03,6.019
Southeast,2025-11-10,6.065
Southeast,2025-11-17,6.112
Southeast,2025-11-24,6.115
Southeast,2025-12-01,6.25
Southeast,2025-12-08,5.891
Southeast,2025-12-15,6.074
Southeast,2025-12-22,6.09
Southeast,2025-12-29,6.077
Southeast,2026-01-05,6.264
Southeast,2026-01-12,6.271
Southeast,2026-01-19,6.031
Southeast,2026-01-26,5.917
Southeast,2026-02-02,6.236
Southeast,2026-02-09,6.419
Southeast,2026-02-16,6.344
Southeast,2026-02-23,6.092
Southeast,2026-03-02,6.309
Southeast,2026-03-09,6.254
Southeast,2026-03-16,6.062
Southeast,2026-03-23,6.037
Southeast,2026-03-30,6.334
Southeast,2026-04-06,6.25
Southeast,2026-04-13,6.306
Southeast,2026-04-20,6.138
Southeast,2026-04-27,5.854
Southeast,2026-05-04,5.896
Southeast,2026-05-11,5.952
Southeast,2026-05-18,5.565
Southeast,2026-05-25,5.854
Southeast,2026-06-01,5.764
Southeast,2026-06-08,5.742
Southeast,2026-06-15,6.099
Southeast,2026-06-22,5.881
Southeast,2026-06-29,5.771
Southeast,2026-07-06,5.914
Southeast,2026-07-13,5.582
Southeast,2026-07-20,5.621
Southeast,2026-07-27,5.681
Southeast,2026-08-03,5.834
Southeast,2026-08-10,5.791
Southeast,2026-08-17,5.962
Southeast,2026-08-24,5.742
Southeast,2026-08-31,6.127
Southeast,2026-09-07,5.844
Southeast,2026-09-14,5.972
Southeast,2026-09-21,5.943
Midwest,2023-10-02,6.028
Midwest,2023-10-09,5.768
Midwest,2023-10-16,5.9
Midwest,2023-10-23,5.841
Midwest,2023-10-30,5.863
Midwest,2023-11-06,5.928
Midwest,2023-11-13,5.88
Midwest,2023-11-20,5.993
Midwest,2023-11-27,6.011
Midwest,2023-12-04,5.729
Midwest,2023-12-11,5.92
Midwest,2023-12-18,5.795
Midwest,2023-12-25,6.19
Midwest,2024-01-01,5.848
Midwest,2024-01-08,6.079
Midwest,2024-01-15,5.758
Midwest,2024-01-22,5.757
Midwest,2024-01-29,5.783
Midwest,2024-02-05,5.848
Midwest,2024-02-12,5.95
Midwest,2024-02-19,5.809
Midwest,2024-02-26,5.939
Midwest,2024-03-04,5.674
Midwest,2024-03-11,5.832
Midwest,2024-03-18,5.809
Midwest,2024-03-25,5.841
Midwest,2024-04-01,6.107
Midwest,2024-04-08,6.352
Midwest,2024-04-15,6.29
Midwest,2024-04-22,6.089
Midwest,2024-04-29,6.204
Midwest,2024-05-06,6.007
Midwest,2024-05-13,6.289
Midwest,2024-05-20,6.128
Midwest,2024-05-27,6.126
Midwest,2024-06-03,6.286
Midwest,2024-06-10,6.177
Midwest,2024-06-17,6.166
Midwest,2024-06-24,6.129
Midwest,2024-07-01,6.234
Midwest,2024-07-08,6.121
Midwest,2024-07-15,6.416
Midwest,2024-07-22,6.147
Midwest,2024-07-29,6.209
Midwest,2024-08-05,5.988
Midwest,2024-08-12,6.237
Midwest,2024-08-19,6.171
Midwest,2024-08-26,6.164
Midwest,2024-09-02,6.048
Midwest,2024-09-09,6.322
Midwest,2024-09-16,5.933
Midwest,2024-09-23,6.21
Midwest,2024-09-30,6.247
Midwest,2024-10-07,5.996
Midwest,2024-10-14,6.16
Midwest,2024-10-21,6.185
Midwest,2024-10-28,6.073
Midwest,2024-11-04,6.119
Midwest,2024-11-11,6.151
Midwest,2024-11-18,6.117
Midwest,2024-11-25,5.904
Midwest,2024-12-02,6.07
Midwest,2024-12-09,6.149
Midwest,2024-12-16,5.888
Midwest,2024-12-23,6.209
Midwest,2024-12-30,6.11
Midwest,2025-01-06,5.887
Midwest,2025-01-13,6.154
Midwest,2025-01-20,6.033
Midwest,2025-01-27,6.023
Midwest,2025-02-03,5.799
Midwest,2025-02-10,6.185
Midwest,2025-02-17,6.308
Midwest,2025-02-24,5.933
Midwest,2025-03-03,5.889
Midwest,2025-03-10,5.943
Midwest,2025-03-17,5.942
Midwest,2025-03-24,6.023
Midwest,2025-03-31,5.867
Midwest,2025-04-07,5.989
Midwest,2025-04-14,6.15
Midwest,2025-04-21,6.052
Midwest,2025-04-28,5.996
Midwest,2025-05-05,6.052
Midwest,2025-05-12,6.012
Midwest,2025-05-19,5.997
Midwest,2025-05-26,5.757
Midwest,2025-06-02,5.926
Midwest,2025-06-09,5.938
Midwest,2025-06-16,6.078
Midwest,2025-06-23,6.084
Midwest,2025-06-30,5.79
Midwest,2025-07-07,5.765
Midwest,2025-07-14,5.789
Midwest,2025-07-21,5.858
Midwest,2025-07-28,6.222
Midwest,2025-08-04,5.972
Midwest,2025-08-11,6.014
Midwest,2025-08-18,5.853
Midwest,2025-08-25,6.072
Midwest,2025-09-01,5.812
Midwest,2025-09-08,6.048
Midwest,2025-09-15,5.962
Midwest,2025-09-22,6.031
Midwest,2025-09-29,5.973
Midwest,2025-10-06,5.875
Midwest,2025-10-13,6.046
Midwest,2025-10-20,5.9
Midwest,2025-10-27,5.946
Midwest,2025-11-03,5.841
Midwest,2025-11-10,5.986
Midwest,2025-11-17,5.928
Midwest,2025-11-24,6.162
Midwest,2025-12-01,5.684
Midwest,2025-12-08,5.715
Midwest,2025-12-15,5.904
Midwest,2025-12-22,5.94
Midwest,2025-12-29,6.035
Midwest,2026-01-05,5.749
Midwest,2026-01-12,6.064
Midwest,2026-01-19,5.852
Midwest,2026-01-26,6.012
Midwest,2026-02-02,5.881
Midwest,2026-02-09,6.094
Midwest,2026-02-16,5.662
Midwest,2026-02-23,5.742
Midwest,2026-03-02,6.054
Midwest,2026-03-09,6.009
Midwest,2026-03-16,6.012
Midwest,2026-03-23,5.825
Midwest,2026-03-30,5.828
Midwest,2026-04-06,6.126
Midwest,2026-04-13,5.802
Midwest,2026-04-20,5.806
Midwest,2026-04-27,5.939
Midwest,2026-05-04,6.064
Midwest,2026-05-11,5.906
Midwest,2026-05-18,5.888
Midwest,2026-05-25,5.806
Midwest,2026-06-01,5.854
Midwest,2026-06-08,5.827
Midwest,2026-06-15,6.113
Midwest,2026-06-22,5.823
Midwest,2026-06-29,5.816
Midwest,2026-07-06,5.796
Midwest,2026-07-13,6.102
Midwest,2026-07-20,5.996
Midwest,2026-07-27,6.073
Midwest,2026-08-03,5.878
Midwest,2026-08-10,5.774
Midwest,2026-08-17,5.934
Midwest,2026-08-24,6.059
Midwest,2026-08-31,6.041
Midwest,2026-09-07,6.144
Midwest,2026-09-14,5.741
Midwest,2026-09-21,6.214
West,2023-10-02,5.826
West,2023-10-09,6.063
West,2023-10-16,5.615
West,2023-10-23,5.876
West,2023-10-30,5.807
West,2023-11-06,5.697
West,2023-11-13,5.64
West,2023-11-20,5.438
West,2023-11-27,5.679
West,2023-12-04,5.728
West,2023-12-11,5.642
West,2023-12-18,5.624
West,2023-12-25,5.763
West,2024-01-01,5.728
West,2024-01-08,5.848
West,2024-01-15,5.442
West,2024-01-22,6.027
West,2024-01-29,5.77
West,2024-02-05,5.441
West,2024-02-12,5.813
West,2024-02-19,5.634
West,2024-02-26,5.653
West,2024-03-04,5.678
West,2024-03-11,5.793
West,2024-03-18,5.588
West,2024-03-25,5.696
West,2024-04-01,5.933
West,2024-04-08,6.431
West,2024-04-15,5.959
West,2024-04-22,5.906
West,2024-04-29,6.087
West,2024-05-06,5.894
West,2024-05-13,6.004
West,2024-05-20,5.994
West,2024-05-27,5.901
West,2024-06-03,6.003
West,2024-06-10,6.01
West,2024-06-17,5.978
West,2024-06-24,5.98
West,2024-07-01,6.038
West,2024-07-08,6.046
West,2024-07-15,6.266
West,2024-07-22,6.094
West,2024-07-29,6.109
West,2024-08-05,5.989
West,2024-08-12,5.882
West,2024-08-19,5.978
West,2024-08-26,6.097
West,2024-09-02,6.069
West,2024-09-09,5.863
West,2024-09-16,6.101
West,2024-09-23,6.025
West,2024-09-30,5.963
West,2024-10-07,5.95
West,2024-10-14,6.173
West,2024-10-21,6.18
West,2024-10-28,5.941
West,2024-11-04,6.245
West,2024-11-11,5.872
West,2024-11-18,6.183
West,2024-11-25,6.037
West,2024-12-02,6.19
West,2024-12-09,6.213
West,2024-12-16,6.185
West,2024-12-23,6.287
West,2024-12-30,6.189
West,2025-01-06,5.898
West,2025-01-13,6.112
West,2025-01-20,6.127
West,2025-01-27,6.335
West,2025-02-03,6.191
West,2025-02-10,6.18
West,2025-02-17,5.938
West,2025-02-24,6.085
West,2025-03-03,6.323
West,2025-03-10,6.199
West,2025-03-17,6.234
West,2025-03-24,5.869
West,2025-03-31,6.184
West,2025-04-07,5.89
West,2025-04-14,6.191
West,2025-04-21,6.084
West,2025-04-28,5.933
West,2025-05-05,6.135
West,2025-05-12,5.932
West,2025-05-19,6.135
West,2025-05-26,6.091
West,2025-06-02,5.966
West,2025-06-09,6.079
West,2025-06-16,5.836
West,2025-06-23,5.835
West,2025-06-30,6.336
West,2025-07-07,6.065
West,2025-07-14,6.231
West,2025-07-21,5.972
West,2025-07-28,5.981
West,2025-08-04,6.159
West,2025-08-11,5.92
West,2025-08-18,6.066
West,2025-08-25,6.081
West,2025-09-01,6.198
West,2025-09-08,6.254
West,2025-09-15,5.947
West,2025-09-22,6.158
West,2025-09-29,6.045
West,2025-10-06,5.987
West,2025-10-13,6.129
West,2025-10-20,6.066
West,2025-10-27,6.07
West,2025-11-03,5.948
West,2025-11-10,5.979
West,2025-11-17,5.852
West,2025-11-24,5.844
West,2025-12-01,5.858
West,2025-12-08,5.952
West,2025-12-15,5.739
West,2025-12-22,5.702
West,2025-12-29,5.871
West,2026-01-05,5.952
West,2026-01-12,5.913
West,2026-01-19,5.926
West,2026-01-26,5.831
West,2026-02-02,6.195
West,2026-02-09,6.014
West,2026-02-16,6.046
West,2026-02-23,6.085
West,2026-03-02,5.952
West,2026-03-09,6.048
West,2026-03-16,6.065
West,2026-03-23,5.998
West,2026-03-30,5.976
West,2026-04-06,6.048
West,2026-04-13,6.043
West,2026-04-20,5.99
West,2026-04-27,5.895
West,2026-05-04,5.929
West,2026-05-11,6.088
West,2026-05-18,6.269
West,2026-05-25,5.928
West,2026-06-01,5.929
West,2026-06-08,5.804
West,2026-06-15,5.906
West,2026-06-22,6.038
West,2026-06-29,5.983
West,2026-07-06,5.932
West,2026-07-13,6.003
West,2026-07-20,5.981
West,2026-07-27,5.743
West,2026-08-03,5.751
West,2026-08-10,5.845
West,2026-08-17,5.896
West,2026-08-24,6.026
West,2026-08-31,5.951
West,2026-09-07,6.145
West,2026-09-14,5.962
West,2026-09-21,5.977
