store_id,week,revenue
S001,1,105713.35
S001,2,108251.96
S001,3,112803.52
S001,4,111445.3
S001,5,113818.57
S001,6,108668.64
S001,7,106875.04
S001,8,121245.94
S001,9,117916.06
S001,10,114055.16
S001,11,120567.78
S001,12,115616.84
S001,13,113622.01
S001,14,115486.19
S001,15,118542.98
S001,16,123472.73
S001,17,121066.58
S001,18,129430.07
S001,19,117447.21
S001,20,126397.14
S001,21,121769.85
S001,22,127838.18
S001,23,118639.68
S001,24,114662.79
S001,25,120335.16
S001,26,129331.18
S001,27,124123.12
S001,28,134355.1
S001,29,128598.72
S001,30,115700.91
S001,31,129033.18
S001,32,133837.17
S002,1,104152.54
S002,2,100901.96
S002,3,98936.94
S002,4,101151.79
S002,5,101506.93
S002,6,97938.04
S002,7,102722.76
S002,8,110742.78
S002,9,99728.08
S002,10,102885.26
S002,11,107483.17
S002,12,99177.55
S002,13,104044.99
S002,14,106547.55
S002,15,102677.02
S002,16,106476.04
S002,17,101518.65
S002,18,117348.12
S002,19,110918.73
S002,20,114809.75
S002,21,112628.48
S002,22,109881.0
S002,23,106377.51
S002,24,115965.34
S002,25,109356.9
S002,26,112007.36
S002,27,117558.66
S002,28,117786.3
S002,29,120893.18
S002,30,114267.98
S002,31,118481.82
S002,32,126675.54
S003,1,96529.22
S003,2,96995.1
S003,3,97905.16
S003,4,96650.02
S003,5,102213.37
S003,6,97984.52
S003,7,97836.88
S003,8,108470.83
S003,9,101037.04
S003,10,100323.07
S003,11,105877.03
S003,12,106697.72
S003,13,99939.63
S003,14,99799.88
S003,15,111472.68
S003,16,101310.3
S003,17,106196.02
S003,18,104652.8
S003,19,109543.02
S003,20,104477.78
S003,21,114138.83
S003,22,120021.18
S003,23,101295.42
S003,24,113912.58
S003,25,106559.28
S003,26,111091.05
S003,27,116044.38
S003,28,115971.61
S003,29,120914.63
S003,30,109135.72
S003,31,117579.91
S003,32,117397.51
S004,1,91455.54
S004,2,90192.22
S004,3,84947.25
S004,4,94178.89
S004,5,89454.15
S004,6,91375.05
S004,7,87270.22
S004,8,94399.73
S004,9,90338.49
S004,10,86605.39
S004,11,89301.94
S004,12,94646.35
S004,13,90438.0
S004,14,90440.29
S004,15,91952.94
S004,16,94647.29
S004,17,99338.7
S004,18,99363.83
S004,19,96079.14
S004,20,112965.76
S004,21,98714.67
S004,22,109295.55
S004,23,100927.76
S004,24,102421.9
S004,25,96417.97
S004,26,96218.82
S004,27,109814.65
S004,28,110269.1
S004,29,113883.55
S004,30,99126.8
S004,31,117364.6
S004,32,113937.91
S005,1,106755.7
S005,2,99749.01
S005,3,105951.43
S005,4,103529.89
S005,5,102697.3
S005,6,107905.24
S005,7,108560.05
S005,9,113320.35
S005,10,107878.03
S005,11,106665.55
S005,12,113024.34
S005,13,119132.45
S005,14,108979.01
S005,15,117071.16
S005,16,108983.33
S005,17,115643.21
S005,18,114941.26
S005,19,112049.14
S005,20,115322.02
S005,21,117133.69
S005,22,123081.1
S005,23,112906.72
S005,24,117609.36
S005,25,115313.84
S005,26,114628.08
S005,27,124784.65
S005,28,119323.78
S005,29,119244.66
S005,30,117784.53
S005,31,127133.38
S005,32,126256.45
S006,1,88074.75
S006,2,79470.24
S006,3,83743.64
S006,4,83809.91
S006,5,84015.8
S006,6,84976.22
S006,7,89212.39
S006,8,94688.15
S006,9,84847.92
S006,10,93922.88
S006,11,90392.41
S006,12,89514.17
S006,13,101586.91
S006,14,90711.33
S006,15,95934.77
S006,16,91329.7
S006,17,88110.28
S006,18,92954.58
S006,19,83237.29
S006,20,103844.72
S006,21,101690.36
S006,22,99155.48
S006,23,99769.88
S006,24,98929.58
S006,25,94597.08
S006,26,105103.66
S006,27,100205.37
S006,28,107892.8
S006,29,100495.77
S006,30,95225.53
S006,31,102670.66
S006,32,113301.55
S007,1,115369.94
S007,2,112813.85
S007,3,117622.31
S007,4,115063.29
S007,5,119793.42
S007,6,116135.74
S007,7,114114.15
S007,8,122872.33
S007,9,123447.16
S007,10,124835.25
S007,11,129560.42
S007,13,122714.93
S007,14,112809.61
S007,15,128633.27
S007,16,121683.15
S007,17,127496.03
S007,18,127185.58
S007,19,120940.52
S007,20,127450.22
S007,21,126904.09
S007,22,135143.38
S007,23,122753.65
S007,24,134560.52
S007,25,124894.25
S007,26,123820.04
S007,27,129393.42
S007,28,132492.29
S007,29,137295.62
S007,30,132055.45
S007,31,141050.44
S007,32,141960.38
S008,2,113433.01
S008,3,104670.35
S008,4,102705.85
S008,5,109272.09
S008,6,102809.31
S008,7,107466.01
S008,8,117890.94
S008,9,115220.97
S008,10,112741.97
S008,11,115874.04
S008,12,116215.1
S008,13,119764.81
S008,14,111130.27
S008,15,117700.85
S008,16,112181.63
S008,17,110481.21
S008,18,113020.96
S008,19,113768.46
S008,20,118003.24
S008,21,124087.82
S008,22,122647.66
S008,23,119386.9
S008,24,114272.68
S008,25,119528.26
S008,26,121102.05
S008,27,128398.29
S008,28,123892.74
S008,29,132970.75
S008,30,119400.79
S008,31,123576.95
S008,32,135103.63
S009,1,106849.19
S009,2,100239.71
S009,3,107720.63
S009,4,111111.14
S009,5,109460.19
S009,6,109961.39
S009,7,112180.91
S009,8,123509.19
S009,9,116860.19
S009,10,113702.19
S009,11,118462.1
S009,12,110036.06
S009,13,118461.7
S009,14,108100.79
S009,15,116686.43
S009,16,117169.4
S009,17,115355.45
S009,18,116619.59
S009,19,107889.99
S009,20,120150.73
S009,21,118912.59
S009,22,118668.52
S009,23,112980.06
S009,24,122072.46
S009,25,117182.12
S009,26,123987.26
S009,27,126627.97
S009,28,117888.06
S009,29,129359.7
S009,30,123967.19
S009,31,133310.07
S009,32,133993.63
S010,1,108489.5
S010,2,108357.09
S010,3,110599.81
S010,4,117056.55
S010,5,115012.96
S010,6,113501.36
S010,7,115760.32
S010,8,127158.51
S010,9,114266.54
S010,10,114244.08
S010,11,123504.73
S010,12,117363.69
S010,13,120913.33
S010,14,116871.0
S010,15,116394.47
S010,16,116344.57
S010,18,128365.09
S010,19,113998.01
S010,20,130274.28
S010,21,127696.25
S010,22,126328.22
S010,23,125144.85
S010,24,130315.91
S010,25,125719.5
S010,26,129043.14
S010,27,126424.54
S010,28,136988.68
S010,29,129432.65
S010,30,120665.04
S010,31,134792.49
S010,32,135641.57
S011,1,105494.52
S011,2,101614.22
S011,3,102125.75
S011,4,105453.23
S011,5,105428.19
S011,6,108161.13
S011,7,102059.83
S011,8,107617.38
S011,9,107636.83
S011,10,115206.39
S011,11,111060.07
S011,13,112749.78
S011,14,107353.46
S011,15,108029.13
S011,16,112137.56
S011,17,113774.29
S011,18,115851.29
S011,19,114825.06
S011,20,107765.04
S011,21,118095.26
S011,22,120542.0
S011,23,111222.36
S011,24,115744.33
S011,25,113523.76
S011,26,107025.84
S011,27,119566.08
S011,28,125820.42
S011,29,120901.28
S011,30,114039.73
S011,31,122894.2
S011,32,131963.52
S012,1,110983.84
S012,3,101436.8
S012,4,99984.33
S012,5,104708.15
S012,6,104541.61
S012,7,108515.72
S012,8,116797.86
S012,9,108256.98
S012,10,114642.07
S012,11,111228.25
S012,12,110928.95
S012,13,111983.0
S012,14,109162.94
S012,15,116982.58
S012,16,111161.92
S012,17,109697.39
S012,18,121138.98
S012,19,111783.61
S012,20,117733.86
S012,21,118896.34
S012,22,122695.41
S012,23,116416.4
S012,24,122240.26
S012,25,118862.58
S012,26,118796.81
S012,27,119385.09
S012,28,127878.4
S012,29,125232.57
S012,30,117591.71
S012,31,123297.73
S012,32,128345.19
S013,1,86972.91
S013,2,84261.97
S013,3,96736.3
S013,4,82530.68
S013,5,84567.22
S013,6,87618.73
S013,7,86550.1
S013,8,100821.24
S013,9,98700.92
S013,10,96708.42
S013,11,90443.96
S013,12,98108.7
S013,13,98303.7
S013,14,97044.43
S013,15,103604.93
S013,16,101952.72
S013,17,98393.38
S013,18,102047.33
S013,19,91039.73
S013,20,111435.29
S013,21,108955.93
S013,22,112655.69
S013,23,105559.14
S013,24,109640.24
S013,25,107437.25
S013,26,106624.17
S013,27,112619.61
S013,28,116778.23
S013,29,107283.61
S013,30,109180.72
S013,31,109492.35
S013,32,118833.26
S014,1,103555.02
S014,2,96271.09
S014,3,100830.4
S014,4,107375.84
S014,5,105849.58
S014,6,101095.28
S014,7,106680.25
S014,8,102906.05
S014,9,112503.18
S014,10,111559.1
S014,11,110017.43
S014,12,106061.0
S014,13,108497.87
S014,14,98832.09
S014,15,108628.93
S014,16,105218.4
S014,17,103812.69
S014,18,119711.97
S014,19,107972.33
S014,20,110870.98
S014,21,110798.32
S014,22,109959.12
S014,23,106208.78
S014,24,108563.02
S014,25,106886.23
S014,26,115401.72
S014,27,115182.26
S014,28,121173.23
S014,29,121766.84
S014,30,108045.81
S014,31,113673.85
S014,32,129712.14
S015,1,91249.9
S015,2,89355.85
S015,3,92204.59
S015,4,94094.38
S015,5,94579.1
S015,6,89036.87
S015,7,97928.06
S015,8,102908.99
S015,9,97498.96
S015,10,93707.43
S015,11,97763.79
S015,12,102074.35
S015,13,100476.5
S015,15,105081.85
S015,16,105997.31
S015,18,101406.38
S015,19,102101.9
S015,20,103788.99
S015,21,106820.76
S015,22,112270.82
S015,24,110004.4
S015,25,113502.62
S015,26,109167.2
S015,27,110240.57
S015,28,113939.12
S015,29,115565.61
S015,30,112126.36
S015,31,115902.3
S015,32,121863.78
S016,1,105382.75
S016,2,107955.83
S016,3,109678.06
S016,4,103521.06
S016,5,113710.67
S016,6,108851.0
S016,7,108638.4
S016,8,110741.46
S016,9,110995.57
S016,10,104791.83
S016,11,110266.22
S016,12,113247.79
S016,13,116070.65
S016,14,108273.97
S016,15,113508.1
S016,16,108742.92
S016,17,112423.95
S016,18,111949.57
S016,19,110052.77
S016,20,122407.25
S016,21,116813.02
S016,22,127982.63
S016,23,112030.35
S016,24,118102.34
S016,25,115905.58
S016,26,120136.67
S016,27,123604.15
S016,28,126915.03
S016,29,117943.82
S016,30,116914.85
S016,31,120656.37
S016,32,120734.65
S017,1,105293.38
S017,2,100467.48
S017,3,103070.75
S017,4,102510.31
S017,5,105815.4
S017,6,105393.94
S017,7,102619.94
S017,8,115067.64
S017,9,107332.51
S017,10,98743.47
S017,11,113192.0
S017,12,112128.53
S017,13,115055.88
S017,14,109621.63
S017,15,101566.71
S017,16,101358.67
S017,17,115569.37
S017,18,112144.4
S017,19,117056.68
S017,21,120897.27
S017,22,118385.1
S017,23,110401.35
S017,24,115016.04
S017,25,113973.1
S017,26,117950.7
S017,27,124923.02
S017,28,118124.11
S017,29,126340.55
S017,30,114788.56
S017,31,121027.13
S017,32,128844.66
S018,1,100094.57
S018,2,96884.18
S018,3,109715.44
S018,4,106127.54
S018,5,104400.75
S018,6,106855.81
S018,7,106924.99
S018,8,100881.62
S018,9,111294.71
S018,10,99109.77
S018,11,108980.81
S018,12,106298.17
S018,13,115572.93
S018,14,105892.23
S018,15,108689.39
S018,17,111713.84
S018,18,106591.85
S018,19,112566.83
S018,20,111376.28
S018,21,117142.22
S018,22,128957.08
S018,23,103771.58
S018,24,120225.69
S018,25,111553.08
S018,26,116379.59
S018,27,111881.5
S018,28,117606.32
S018,29,118885.39
S018,30,114001.52
S018,32,129059.54
S019,1,95814.11
S019,2,103004.58
S019,3,94628.89
S019,4,99444.41
S019,5,95907.59
S019,6,97177.15
S019,7,104349.41
S019,8,108635.6
S019,9,102405.51
S019,10,106104.1
S019,11,115066.66
S019,12,99101.48
S019,13,106889.96
S019,14,102230.24
S019,15,102915.12
S019,16,98823.56
S019,17,108450.58
S019,18,111503.56
S019,19,107025.43
S019,20,110462.85
S019,21,110879.91
S019,22,116070.79
S019,23,100079.8
S019,24,114452.1
S019,25,103863.6
S019,26,116238.47
S019,27,116141.47
S019,28,113867.81
S019,29,113059.74
S019,30,112025.1
S019,31,116195.91
S019,32,120977.31
S020,1,106460.82
S020,2,104528.48
S020,3,106990.57
S020,4,109895.7
S020,5,110353.25
S020,6,100849.36
S020,7,103939.68
S020,8,113748.18
S020,9,112137.59
S020,10,112441.92
S020,11,116504.09
S020,12,114613.8
S020,13,114695.84
S020,14,114745.16
S020,15,126219.82
S020,16,114546.43
S020,17,117632.62
S020,18,115923.0
S020,19,108600.02
S020,20,112114.24
S020,21,130032.33
S020,22,126681.59
S020,23,112637.51
S020,24,118865.43
S020,25,122171.74
S020,26,126333.58
S020,27,125494.87
S020,28,120154.33
S020,29,128453.18
S020,30,113305.75
S020,31,128791.89
S020,32,132707.17
S021,1,111335.33
S021,2,116786.03
S021,3,116402.85
S021,4,110280.29
S021,5,114235.38
S021,6,108260.35
S021,7,122418.59
S021,8,122581.64
S021,9,115271.24
S021,10,111587.95
S021,11,119416.22
S021,12,121208.59
S021,13,119203.03
S021,14,116858.27
S021,15,119478.55
S021,16,111372.19
S021,17,114496.57
S021,18,119502.56
S021,19,126071.97
S021,20,126308.0
S021,21,120063.77
S021,22,123972.52
S021,23,124653.44
S021,24,126475.08
S021,25,124817.86
S021,26,132706.7
S021,27,124039.32
S021,28,139153.74
S021,29,136889.02
S021,30,133203.36
S021,31,136683.07
S021,32,130187.18
S022,1,107637.94
S022,2,105430.47
S022,3,106508.07
S022,4,108526.47
S022,5,117625.91
S022,6,113755.67
S022,7,113738.28
S022,8,123078.21
S022,9,113650.75
S022,10,111862.27
S022,11,120020.26
S022,12,111466.44
S022,13,113807.18
S022,14,111170.7
S022,15,115797.04
S022,16,110184.85
S022,17,115740.42
S022,18,121302.02
S022,19,116438.55
S022,20,120836.16
S022,21,123695.5
S022,22,125918.21
S022,23,127444.04
S022,24,117902.57
S022,25,119672.16
S022,26,123319.38
S022,27,132843.54
S022,28,122941.53
S022,29,127489.83
S022,30,118253.56
S022,31,116576.23
S022,32,131744.3
S023,1,96490.55
S023,2,95426.4
S023,3,104068.71
S023,4,101288.86
S023,5,98968.98
S023,6,94966.81
S023,7,99736.44
S023,8,109596.72
S023,9,110121.74
S023,10,109364.4
S023,11,105154.23
S023,12,106059.84
S023,13,105938.74
S023,14,99472.43
S023,15,109452.67
S023,16,106912.37
S023,17,100737.18
S023,18,111488.8
S023,19,110626.06
S023,20,118748.57
S023,21,111631.41
S023,22,118112.01
S023,23,115324.0
S023,24,120103.38
S023,25,108296.58
S023,26,116801.9
S023,27,115254.9
S023,28,118923.26
S023,29,119115.16
S023,30,116157.26
S023,31,117202.76
S023,32,124543.07
S024,1,98655.51
S024,2,104761.17
S024,3,107471.75
S024,4,105838.9
S024,5,112889.33
S024,6,113910.11
S024,7,110550.57
S024,8,117264.77
S024,9,111143.37
S024,10,116950.73
S024,11,110568.3
S024,12,113426.09
S024,13,114777.96
S024,14,97191.58
S024,15,108356.32
S024,16,104164.02
S024,17,110940.54
S024,18,119068.17
S024,19,113801.19
S024,20,119397.71
S024,21,114293.21
S024,22,120850.92
S024,24,120054.79
S024,25,114701.74
S024,26,122693.75
S024,27,115823.18
S024,28,119996.84
S024,29,117222.95
S024,30,111488.63
S024,31,116967.27
S024,32,126647.7
S025,1,91385.32
S025,2,93266.19
S025,3,97054.37
S025,5,98615.88
S025,6,94781.82
S025,7,97423.72
S025,8,107200.38
S025,9,99285.09
S025,10,97591.25
S025,11,103945.14
S025,12,105660.63
S025,13,106683.69
S025,14,103181.9
S025,15,102332.22
S025,16,89930.17
S025,17,103035.76
S025,19,102917.89
S025,20,107005.74
S025,21,106402.86
S025,22,113727.77
S025,23,107378.2
S025,24,104285.03
S025,25,115405.21
S025,26,102820.89
S025,27,110297.93
S025,28,109377.13
S025,29,112275.69
S025,30,105608.65
S025,31,109964.22
S025,32,118657.44
S026,1,93088.42
S026,2,94385.37
S026,3,92742.31
S026,4,93193.91
S026,5,95814.25
S026,6,97654.99
S026,7,93716.08
S026,8,103137.12
S026,9,98625.44
S026,10,100012.93
S026,11,98184.31
S026,13,111131.36
S026,14,97542.47
S026,15,104133.4
S026,16,93212.67
S026,17,109128.68
S026,18,101099.17
S026,19,108747.85
S026,20,109612.34
S026,21,106891.67
S026,22,114088.15
S026,23,103789.53
S026,24,101849.12
S026,25,102957.31
S026,26,107366.55
S026,27,114080.96
S026,28,108286.88
S026,29,109647.2
S026,30,106729.47
S026,31,108171.57
S026,32,110881.97
S027,1,90772.35
S027,2,85909.52
S027,3,98026.79
S027,4,84142.76
S027,5,88054.76
S027,6,90060.57
S027,7,95813.29
S027,8,100786.44
S027,9,91723.46
S027,10,95481.77
S027,11,93766.59
S027,12,90745.24
S027,13,97027.87
S027,14,90578.19
S027,15,102186.01
S027,16,90377.73
S027,17,99561.76
S027,18,99794.56
S027,19,101166.78
S027,20,104950.66
S027,21,101130.07
S027,22,111810.95
S027,23,97344.23
S027,24,96967.89
S027,25,106313.2
S027,26,101736.94
S027,27,104390.02
S027,28,116111.54
S027,29,111771.94
S027,30,102555.77
S027,32,109803.07
S028,1,116897.57
S028,2,110994.64
S028,3,118319.27
S028,4,109234.73
S028,5,113938.34
S028,6,120821.38
S028,7,125423.83
S028,8,124093.68
S028,9,116624.79
S028,10,118345.91
S028,11,122865.38
S028,12,122914.18
S028,13,121163.77
S028,14,114815.16
S028,15,126960.81
S028,16,122338.49
S028,17,115607.72
S028,18,128887.13
S028,19,119785.91
S028,20,126931.91
S028,21,127715.36
S028,22,127124.42
S028,23,126490.08
S028,24,126575.18
S028,25,128360.8
S028,26,135260.85
S028,27,128941.29
S028,28,133040.48
S028,29,134496.11
S028,30,132511.01
S028,31,130583.88
S028,32,145007.64
S029,1,85435.74
S029,2,80156.27
S029,3,85851.63
S029,4,85547.66
S029,5,83308.7
S029,6,85624.73
S029,7,80692.56
S029,8,92108.61
S029,9,91162.66
S029,10,92377.51
S029,11,95271.39
S029,12,90471.64
S029,13,82988.2
S029,14,91931.34
S029,15,96881.67
S029,16,86209.33
S029,17,95179.55
S029,18,91760.85
S029,19,95944.69
S029,20,102029.43
S029,21,96294.11
S029,22,103143.59
S029,23,94254.49
S029,24,100618.63
S029,25,101969.16
S029,26,94801.36
S029,27,97551.64
S029,28,103844.96
S029,29,101863.86
S029,30,94254.57
S029,31,105900.63
S029,32,107186.56
S030,1,92840.35
S030,2,89843.51
S030,3,96718.22
S030,4,85370.21
S030,5,95529.24
S030,6,101930.02
S030,7,102834.08
S030,8,104021.09
S030,9,97688.04
S030,10,98362.08
S030,11,101346.5
S030,12,100520.45
S030,13,104300.63
S030,14,98042.14
S030,15,106938.11
S030,16,93879.47
S030,17,108874.02
S030,18,109820.68
S030,19,103408.83
S030,20,103033.21
S030,21,108048.48
S030,22,114589.52
S030,23,106028.74
S030,24,116443.49
S030,25,108935.35
S030,26,111136.2
S030,27,114766.38
S030,28,118598.07
S030,29,111799.12
S030,30,107427.72
S030,31,120229.68
S030,32,113108.77
S031,1,104079.82
S031,2,112493.09
S031,3,116598.9
S031,4,103821.84
S031,5,106943.98
S031,6,112067.83
S031,7,117838.11
S031,8,126044.12
S031,9,120074.07
S031,10,118556.27
S031,11,120577.26
S031,12,119061.84
S031,13,120749.38
S031,14,108974.98
S031,15,120363.16
S031,16,121833.98
S031,17,125267.97
S031,18,126990.18
S031,19,123180.89
S031,20,128785.96
S031,21,120770.18
S031,22,127416.53
S031,23,119048.87
S031,24,123768.03
S031,25,125444.57
S031,26,130091.87
S031,27,130391.16
S031,28,129394.67
S031,29,135050.59
S031,30,126406.13
S031,31,126621.8
S031,32,142225.47
S032,1,101802.42
S032,2,91801.35
S032,3,102290.96
S032,4,97343.35
S032,5,103424.15
S032,6,106188.14
S032,7,101047.43
S032,8,112247.46
S032,9,97836.16
S032,10,105956.73
S032,11,110449.52
S032,12,110305.87
S032,13,103128.43
S032,14,115341.18
S032,15,109267.29
S032,16,104957.49
S032,17,110503.24
S032,18,110324.04
S032,19,109306.94
S032,20,117113.6
S032,21,115165.77
S032,22,121180.59
S032,23,103899.41
S032,24,116456.02
S032,25,114135.2
S032,26,114037.09
S032,27,114813.64
S032,28,114995.98
S032,29,121853.52
S032,30,115574.91
S032,31,119051.11
S032,32,135770.77
S033,1,102637.85
S033,2,99047.22
S033,3,110996.87
S033,4,106756.86
S033,5,104754.55
S033,6,111918.16
S033,7,107650.39
S033,8,118410.76
S033,9,109754.46
S033,11,118509.06
S033,12,110459.98
S033,13,110723.36
S033,14,100624.2
S033,15,114183.79
S033,16,106875.54
S033,17,106074.54
S033,18,115475.62
S033,19,112139.59
S033,20,123641.96
S033,21,122031.27
S033,22,129629.6
S033,23,118083.12
S033,24,122212.28
S033,25,126592.03
S033,26,127380.77
S033,27,122528.21
S033,28,123408.5
S033,29,127642.96
S033,30,117128.32
S033,31,118413.27
S033,32,134811.65
S034,1,102383.82
S034,2,97898.03
S034,3,102232.87
S034,4,100813.38
S034,5,99820.61
S034,6,103919.61
S034,7,96750.84
S034,8,116920.73
S034,9,104132.09
S034,10,100312.0
S034,11,111384.96
S034,12,106059.13
S034,13,107336.77
S034,14,108196.32
S034,15,108597.5
S034,16,104985.37
S034,17,111215.38
S034,18,103978.81
S034,19,111361.65
S034,20,103906.51
S034,21,113683.34
S034,22,124315.02
S034,23,103553.43
S034,24,110728.68
S034,25,117918.6
S034,26,113834.78
S034,27,118260.98
S034,28,119892.31
S034,30,118323.69
S034,31,121869.73
S034,32,124724.56
S035,1,97304.01
S035,2,96947.49
S035,3,100048.54
S035,4,97473.06
S035,5,100165.19
S035,7,106048.96
S035,8,108821.54
S035,9,107445.99
S035,10,105197.52
S035,11,99808.11
S035,12,114411.82
S035,13,109542.85
S035,14,95880.28
S035,15,106582.11
S035,16,105108.68
S035,17,104077.0
S035,18,113492.53
S035,19,103267.15
S035,20,111008.19
S035,21,110930.84
S035,22,113316.9
S035,23,113452.65
S035,24,110081.2
S035,25,116444.48
S035,26,111916.78
S035,27,123063.51
S035,28,119406.0
S035,29,120096.01
S035,30,117614.92
S035,31,125180.45
S035,32,123228.42
S036,1,86352.35
S036,2,81268.32
S036,3,90489.45
S036,4,86097.42
S036,5,85678.44
S036,6,97893.69
S036,7,97048.41
S036,8,95962.89
S036,9,92811.97
S036,10,88827.33
S036,12,93655.75
S036,13,89577.03
S036,14,91022.33
S036,15,96209.1
S036,16,91623.63
S036,17,90425.5
S036,18,99194.09
S036,19,92857.49
S036,20,99950.36
S036,21,99193.14
S036,22,105772.7
S036,23,94801.15
S036,24,99435.25
S036,25,97999.96
S036,26,105350.16
S036,27,103696.65
S036,28,98167.82
S036,29,100124.31
S036,30,93167.92
S036,31,111106.2
S036,32,115475.97
S037,1,114903.03
S037,2,107084.73
S037,3,111584.69
S037,4,105094.82
S037,5,107295.7
S037,6,108562.37
S037,7,114597.21
S037,8,117521.89
S037,9,117244.76
S037,10,105343.94
S037,11,111736.11
S037,12,111505.68
S037,13,118390.28
S037,15,118482.37
S037,17,117012.69
S037,18,120398.21
S037,19,120747.34
S037,20,131103.56
S037,21,125148.38
S037,22,124757.08
S037,23,123712.31
S037,24,126073.5
S037,25,121853.87
S037,26,129144.26
S037,27,123936.82
S037,28,128148.15
S037,29,129264.74
S037,30,120683.37
S037,31,133573.56
S037,32,139657.81
S038,1,94606.73
S038,2,96137.8
S038,3,98463.53
S038,4,96848.84
S038,6,105631.37
S038,7,98800.37
S038,8,105398.87
S038,9,104187.02
S038,10,96269.92
S038,11,99538.71
S038,12,103794.13
S038,13,100784.83
S038,14,98331.94
S038,15,104224.87
S038,16,94637.83
S038,17,102545.13
S038,18,107336.67
S038,19,96758.0
S038,20,101152.93
S038,21,94522.09
S038,22,116777.5
S038,23,95681.0
S038,24,105734.3
S038,25,110454.79
S038,26,102313.69
S038,27,105976.47
S038,28,110959.16
S038,29,108384.38
S038,31,117318.49
S038,32,116562.96
S039,1,85184.07
S039,2,83100.81
S039,3,83682.74
S039,4,86520.74
S039,5,82585.93
S039,6,86931.44
S039,7,90439.62
S039,8,99893.73
S039,9,93847.01
S039,10,91187.1
S039,12,81095.45
S039,14,92312.44
S039,15,89483.92
S039,16,88483.52
S039,17,90126.65
S039,18,94956.07
S039,19,92236.26
S039,20,91993.29
S039,21,97512.38
S039,22,98852.78
S039,23,93563.59
S039,24,96728.46
S039,25,98361.64
S039,26,93582.56
S039,27,96142.28
S039,28,103039.81
S039,29,96304.91
S039,30,96717.12
S039,31,104112.15
S039,32,110086.66
S040,1,113508.88
S040,2,113168.74
S040,3,107828.89
S040,4,112538.19
S040,5,116030.2
S040,6,111281.07
S040,7,111778.84
S040,8,131628.9
S040,9,122890.37
S040,10,117611.02
S040,11,116554.89
S040,12,115621.07
S040,13,123107.09
S040,14,114715.71
S040,15,123306.0
S040,16,125031.72
S040,17,120728.91
S040,18,123912.25
S040,19,124572.4
S040,20,130199.62
S040,21,127763.42
S040,22,139694.88
S040,23,130186.94
S040,24,128544.2
S040,25,124386.46
S040,26,130630.08
S040,27,136545.5
S040,28,137202.95
S040,29,136811.05
S040,30,130896.24
S040,31,138543.83
S040,32,141696.09
S041,1,94286.68
S041,2,97683.26
S041,3,103962.0
S041,4,93816.0
S041,5,95831.42
S041,7,94033.45
S041,9,105751.37
S041,10,92623.89
S041,11,102434.46
S041,12,107168.93
S041,13,103386.63
S041,14,103766.85
S041,15,105030.76
S041,16,96309.12
S041,17,96459.3
S041,18,102778.04
S041,19,100990.6
S041,20,116598.64
S041,21,103211.59
S041,22,109162.03
S041,23,104293.57
S041,24,111848.42
S041,25,114030.59
S041,26,105828.1
S041,27,106276.47
S041,28,108334.35
S041,29,114620.44
S041,30,104304.15
S041,31,113337.67
S041,32,110999.13
S042,1,84132.86
S042,2,78174.7
S042,3,76784.5
S042,4,78931.85
S042,5,83288.21
S042,6,82736.79
S042,7,86081.35
S042,8,91105.46
S042,9,85142.68
S042,10,88875.3
S042,11,85650.68
S042,12,84263.75
S042,13,88188.21
S042,14,91227.12
S042,15,86911.55
S042,17,92068.8
S042,18,92265.38
S042,19,92169.23
S042,20,92290.81
S042,21,89763.87
S042,22,94675.23
S042,23,90682.9
S042,24,93470.04
S042,25,92394.59
S042,26,86360.1
S042,27,89166.56
S042,28,93084.55
S042,29,97494.13
S042,30,91092.03
S042,31,97957.35
S042,32,103205.45
S043,1,109198.85
S043,2,105556.21
S043,3,112328.8
S043,4,110346.29
S043,5,116115.16
S043,6,108396.26
S043,7,112027.92
S043,8,114661.53
S043,10,105544.12
S043,11,109237.65
S043,12,112704.22
S043,13,115266.83
S043,14,113561.29
S043,15,105628.58
S043,16,112232.1
S043,17,103268.41
S043,18,118764.41
S043,19,119876.29
S043,20,118452.99
S043,21,116386.61
S043,22,120690.6
S043,23,108484.55
S043,24,121138.93
S043,25,113189.8
S043,26,121027.94
S043,27,116419.72
S043,28,119995.21
S043,29,126696.45
S043,30,117840.04
S043,31,125599.59
S043,32,122515.36
S044,1,97625.2
S044,2,98104.74
S044,3,94421.87
S044,4,93519.05
S044,5,94880.73
S044,6,94064.77
S044,7,96808.57
S044,8,110368.17
S044,9,99896.62
S044,10,99517.91
S044,11,103762.55
S044,12,97104.69
S044,13,106390.72
S044,14,95046.05
S044,15,98977.81
S044,16,98620.74
S044,17,99506.16
S044,18,111629.29
S044,19,97335.71
S044,20,111833.01
S044,21,110411.16
S044,22,109347.88
S044,23,106001.21
S044,24,108768.83
S044,25,107955.18
S044,26,109923.09
S044,27,106208.34
S044,28,113526.53
S044,29,110892.88
S044,30,104734.54
S044,31,112432.88
S044,32,114433.52
S045,1,115443.6
S045,2,98206.89
S045,3,100376.06
S045,4,104045.49
S045,5,99919.32
S045,6,101730.79
S045,7,109825.25
S045,9,118389.21
S045,10,110756.98
S045,11,108133.18
S045,12,109433.43
S045,13,114592.19
S045,14,111234.98
S045,15,123720.61
S045,16,114104.33
S045,17,114770.5
S045,18,124512.75
S045,19,116972.2
S045,20,124894.47
S045,21,121712.8
S045,22,122355.3
S045,23,121095.4
S045,24,117667.7
S045,25,120246.96
S045,26,124311.1
S045,27,126788.64
S045,28,122297.21
S045,29,115927.65
S045,30,121201.46
S045,31,127166.83
S045,32,136569.91
S046,1,102383.38
S046,2,91349.59
S046,3,103784.66
S046,4,94110.51
S046,5,97859.42
S046,6,100583.12
S046,7,99600.67
S046,8,110466.25
S046,9,107409.97
S046,10,109445.23
S046,11,114594.45
S046,12,106846.44
S046,13,118530.93
S046,14,98380.95
S046,15,106532.15
S046,16,105593.5
S046,17,111383.24
S046,18,116718.12
S046,19,108111.71
S046,20,118661.53
S046,21,110768.53
S046,22,114638.95
S046,23,107517.74
S046,24,108068.63
S046,25,114568.69
S046,26,107745.67
S046,27,121791.35
S046,28,122688.76
S046,29,114072.01
S046,30,114134.5
S046,31,119335.46
S046,32,133841.74
S047,1,92913.31
S047,2,90908.08
S047,3,94530.49
S047,4,93973.39
S047,5,93441.93
S047,6,93104.03
S047,7,91686.3
S047,8,105492.59
S047,9,95667.19
S047,10,97839.85
S047,11,102522.53
S047,13,111926.56
S047,14,97111.63
S047,15,105233.01
S047,16,107529.04
S047,17,106625.35
S047,18,109254.97
S047,19,107190.43
S047,20,109741.94
S047,21,105096.67
S047,22,110799.37
S047,23,101243.39
S047,24,107109.79
S047,25,112216.2
S047,26,115392.47
S047,27,112511.8
S047,28,109403.08
S047,29,106463.1
S047,30,105834.9
S047,31,117609.57
S047,32,114748.55
S048,1,113683.97
S048,2,114548.03
S048,3,115660.05
S048,4,112134.23
S048,5,110968.16
S048,6,118474.14
S048,7,113162.42
S048,8,129302.31
S048,9,115107.57
S048,10,121509.49
S048,11,118539.86
S048,12,121772.96
S048,13,117630.01
S048,14,113234.33
S048,15,120907.21
S048,16,124635.89
S048,17,123997.03
S048,18,129187.31
S048,19,123531.5
S048,20,124454.66
S048,21,123336.5
S048,22,143888.85
S048,23,122195.08
S048,24,126983.78
S048,25,125207.1
S048,26,128693.05
S048,27,124354.69
S048,28,131003.15
S048,29,132165.68
S048,30,126078.56
S048,31,137592.62
S048,32,138276.52
S049,1,104766.48
S049,2,105876.75
S049,3,114805.36
S049,4,100272.46
S049,5,113031.43
S049,6,109246.62
S049,7,109991.91
S049,8,115753.51
S049,9,110832.14
S049,10,108167.6
S049,11,116909.79
S049,12,107842.59
S049,13,114092.44
S049,14,115805.68
S049,15,114600.32
S049,16,107183.99
S049,17,119351.29
S049,18,113149.63
S049,19,106216.24
S049,20,117988.39
S049,21,116204.71
S049,22,120641.59
S049,23,114916.46
S049,24,121937.84
S049,25,117970.35
S049,26,120460.01
S049,27,122540.8
S049,28,123656.63
S049,29,128289.86
S049,30,121621.89
S049,31,127440.43
S049,32,125648.99
S050,1,103952.31
S050,2,100795.97
S050,3,99714.72
S050,4,95784.68
S050,5,102056.32
S050,6,99490.02
S050,7,105208.43
S050,8,113400.23
S050,9,111955.72
S050,10,100604.19
S050,11,107344.93
S050,12,101299.91
S050,13,108562.6
S050,14,106520.01
S050,15,107890.33
S050,16,104226.0
S050,17,107938.67
S050,18,109170.63
S050,19,103261.34
S050,20,108191.24
S050,21,118468.13
S050,22,116695.02
S050,23,106737.89
S050,24,108606.37
S050,25,111425.73
S050,26,113711.97
S050,27,113246.24
S050,28,115411.1
S050,29,115021.44
S050,30,118488.19
S050,31,117829.35
S050,32,125134.47
S051,1,90765.12
S051,2,95564.66
S051,3,100215.27
S051,4,96750.34
S051,5,87230.6
S051,6,97242.48
S051,7,97573.44
S051,8,104113.16
S051,9,100746.5
S051,10,96759.36
S051,11,98471.87
S051,12,96260.55
S051,13,96496.55
S051,14,91567.51
S051,16,98287.15
S051,17,93840.08
S051,18,105875.41
S051,19,96002.23
S051,20,100277.15
S051,21,97553.37
S051,22,105843.09
S051,23,94530.22
S051,24,102346.69
S051,25,102877.2
S051,26,99017.68
S051,27,109020.24
S051,28,104958.69
S051,29,109027.95
S051,30,103418.22
S051,31,109070.25
S051,32,107558.7
S052,1,90541.51
S052,2,93813.35
S052,3,95691.41
S052,4,93138.39
S052,5,101175.22
S052,6,101502.21
S052,7,99271.35
S052,8,112751.36
S052,9,108743.73
S052,10,102301.95
S052,11,103006.41
S052,12,109588.05
S052,13,104541.63
S052,14,104212.67
S052,15,100918.02
S052,16,95562.28
S052,17,104113.66
S052,18,111191.85
S052,19,109373.69
S052,20,111340.86
S052,21,113963.04
S052,22,120629.62
S052,23,108324.48
S052,24,112850.27
S052,25,106492.98
S052,26,108267.88
S052,27,110761.42
S052,28,114747.72
S052,29,112524.49
S052,30,109090.68
S052,31,114485.06
S052,32,128382.46
S053,1,115655.83
S053,2,115961.19
S053,3,119647.27
S053,4,114884.6
S053,5,118770.73
S053,6,130301.48
S053,7,129355.95
S053,8,130976.53
S053,9,125960.67
S053,10,121729.91
S053,11,126887.08
S053,12,124037.99
S053,13,132932.25
S053,14,129498.48
S053,15,132431.44
S053,16,122560.33
S053,17,128541.17
S053,18,124716.38
S053,19,129967.56
S053,20,135195.53
S053,21,134827.57
S053,22,142198.04
S053,23,128224.11
S053,24,136657.14
S053,25,132007.04
S053,26,131455.57
S053,27,136110.42
S053,28,139701.77
S053,29,136461.1
S053,30,136339.72
S053,31,140884.23
S053,32,142759.25
S054,1,106338.69
S054,2,96696.82
S054,3,99481.09
S054,4,102026.81
S054,5,100191.58
S054,6,105160.18
S054,7,103194.99
S054,8,114346.64
S054,9,105463.36
S054,10,103838.99
S054,11,112305.22
S054,12,109633.97
S054,13,108931.47
S054,14,97336.61
S054,15,110526.64
S054,16,103269.25
S054,17,111721.47
S054,18,115172.24
S054,19,107855.09
S054,20,117919.83
S054,21,115287.46
S054,22,115731.25
S054,23,107705.06
S054,24,112799.39
S054,25,114849.08
S054,26,108650.29
S054,27,116312.32
S054,28,120843.28
S054,29,121946.54
S054,30,107881.24
S054,31,120619.33
S054,32,122362.71
S055,1,106430.15
S055,2,102861.16
S055,3,108676.67
S055,4,105301.3
S055,5,112024.27
S055,6,107323.23
S055,7,113631.22
S055,8,113074.47
S055,9,113541.57
S055,10,104560.43
S055,11,113506.01
S055,12,117834.25
S055,13,115520.28
S055,14,111159.12
S055,15,104818.64
S055,16,108726.11
S055,17,102155.36
S055,18,122148.23
S055,19,113539.42
S055,20,118212.41
S055,21,117891.67
S055,22,126030.31
S055,23,111596.2
S055,24,117161.49
S055,25,111435.0
S055,26,121934.28
S055,27,118974.69
S055,28,121849.57
S055,29,115890.78
S055,30,123670.78
S055,31,129697.22
S055,32,127452.6
S056,1,92501.13
S056,2,92175.57
S056,3,90990.87
S056,4,90615.05
S056,5,98904.69
S056,6,96378.53
S056,7,96357.08
S056,8,103946.85
S056,9,97924.28
S056,10,101374.4
S056,11,95990.22
S056,12,100547.46
S056,13,106336.05
S056,14,98346.32
S056,15,101865.41
S056,16,105885.06
S056,17,102840.17
S056,18,112604.66
S056,19,103312.82
S056,20,109528.26
S056,21,110290.54
S056,22,110877.18
S056,23,92656.4
S056,24,115558.92
S056,25,114599.41
S056,26,102526.69
S056,27,114309.77
S056,28,108236.89
S056,29,109173.14
S056,30,106049.09
S056,31,113979.12
S056,32,120878.41
S057,1,113667.53
S057,2,107245.05
S057,3,106665.3
S057,4,108777.82
S057,5,111761.06
S057,6,115464.13
S057,7,103383.53
S057,8,121332.91
S057,9,107473.47
S057,10,115261.23
S057,11,114276.82
S057,12,116830.55
S057,13,125482.0
S057,14,114840.75
S057,15,121754.19
S057,17,123109.37
S057,18,126519.02
S057,19,122883.11
S057,20,116062.0
S057,21,122878.41
S057,22,128677.48
S057,23,119677.18
S057,24,132777.63
S057,25,120778.63
S057,26,130519.53
S057,27,125473.47
S057,28,134059.61
S057,29,133420.0
S057,30,120104.08
S057,31,128973.59
S057,32,139391.97
S058,1,106878.82
S058,2,101061.49
S058,3,100641.21
S058,4,98262.33
S058,5,112318.7
S058,7,108479.85
S058,8,123286.72
S058,9,113511.98
S058,10,107777.3
S058,11,115760.26
S058,12,106151.21
S058,13,110485.87
S058,14,111770.23
S058,15,105775.1
S058,16,111133.05
S058,17,117118.36
S058,18,120529.89
S058,19,111895.12
S058,20,119349.75
S058,21,115597.16
S058,22,123327.91
S058,23,112056.1
S058,25,119771.84
S058,26,118207.03
S058,27,123713.29
S058,28,126572.75
S058,29,119305.84
S058,30,114236.05
S058,31,122710.06
S058,32,131292.32
S059,1,101886.18
S059,2,95492.77
S059,3,108532.06
S059,4,98344.18
S059,5,100216.34
S059,6,106620.6
S059,7,100039.08
S059,8,109797.71
S059,9,105614.44
S059,10,103678.4
S059,11,108058.2
S059,12,107506.4
S059,13,109403.82
S059,14,108535.53
S059,15,107783.23
S059,16,112978.83
S059,17,117076.48
S059,18,110667.19
S059,19,109779.17
S059,20,111947.98
S059,21,114713.17
S059,22,122023.0
S059,23,108593.73
S059,24,113868.97
S059,25,123973.07
S059,26,117961.78
S059,27,122219.14
S059,28,116782.14
S059,29,116763.59
S059,30,111710.29
S059,31,127091.56
S059,32,124878.25
S060,1,92453.11
S060,2,88783.32
S060,3,82389.27
S060,4,80947.6
S060,5,83023.22
S060,6,84022.61
S060,7,89006.58
S060,8,95476.95
S060,9,89543.97
S060,10,85533.16
S060,11,89310.82
S060,12,88902.67
S060,13,93834.8
S060,14,90752.27
S060,15,92605.85
S060,16,88257.3
S060,17,90328.84
S060,18,92952.51
S060,19,90216.45
S060,20,89058.56
S060,21,95963.09
S060,22,96000.78
S060,23,91768.08
S060,24,93352.33
S060,25,95231.78
S060,26,95717.29
S060,27,94382.4
S060,28,95006.09
S060,29,107870.64
S060,30,88139.15
S060,31,103353.22
S060,32,110361.33
