store_id,install_week,vendor_batch
S047,10,B10
S021,25,B25
S059,20,B20
S048,15,B15
S010,20,B20
S023,20,B20
S017,25,B25
S037,20,B20
S056,15,B15
S034,25,B25
S001,15,B15
S015,15,B15
S009,25,B25
S011,10,B10
S038,25,B25
S032,10,B10
S031,25,B25
S006,10,B10
S030,15,B15
S013,20,B20
S020,10,B10
S033,20,B20
S035,25,B25
S029,10,B10
S053,20,B20
S027,15,B15
S019,10,B10
S004,25,B25
S040,15,B15
S045,15,B15
S012,25,B25
S049,20,B20
S052,20,B20
S057,10,B10
S028,20,B20
S026,10,B10
S003,15,B15
S008,25,B25
S054,15,B15
S046,10,B10
