week_key,week_num,holiday,weather_index
2026-W01,1,0,-1.165
2026-W02,2,0,0.104
2026-W03,3,0,-0.367
2026-W04,4,0,-0.536
2026-W05,5,0,-0.897
2026-W06,6,0,0.836
2026-W07,7,0,-0.159
2026-W08,8,1,0.3
2026-W09,9,0,0.151
2026-W10,10,0,-1.708
2026-W11,11,0,0.645
2026-W12,12,0,-0.503
2026-W13,13,0,-0.611
2026-W14,14,0,-0.407
2026-W15,15,0,1.209
2026-W16,16,0,-0.742
2026-W17,17,0,1.385
2026-W18,18,0,1.657
2026-W19,19,0,2.042
2026-W20,20,0,-1.386
2026-W21,21,0,-0.531
2026-W22,22,1,0.34
2026-W23,23,0,-1.002
2026-W24,24,0,1.1
2026-W25,25,0,-2.061
2026-W26,26,0,0.575
2026-W27,27,0,1.125
2026-W28,28,0,0.779
2026-W29,29,0,1.326
2026-W30,30,0,-0.688
2026-W31,31,0,1.08
2026-W32,32,1,-0.399
