store_id,region,format,sqft,record_version
S021,West,Urban,24870,1
S003,South,Suburban,58266,1
S054,North,Suburban,47227,1
S004,West,Suburban,22484,1
S007,South,Suburban,39221,1
S038,West,SmallTown,26463,1
S020,North,Urban,40048,1
S044,South,SmallTown,60228,1
S051,East,Suburban,25344,1
S027,North,Suburban,37591,1
S024,North,Urban,63614,1
S040,North,Suburban,25455,1
S018,South,Suburban,48067,1
S028,South,Urban,62292,1
S022,West,SmallTown,52850,1
S042,South,Urban,53175,1
S008,South,Suburban,53662,1
S047,West,Urban,61017,1
S035,West,Suburban,27685,2
S052,West,Urban,19830,1
S011,West,Suburban,51441,1
S045,South,Suburban,22260,1
S033,South,Suburban,27128,1
S035,West,Suburban,26367,1
S019,East,Suburban,37466,1
S005,East,SmallTown,21134,1
S055,South,Suburban,53576,1
S002,East,SmallTown,41373,1
S013,West,Suburban,49258,1
S036,North,SmallTown,33156,1
S032,West,SmallTown,45645,1
S031,North,Suburban,59544,1
S023,South,SmallTown,59949,1
S059,South,Urban,21358,1
S056,West,Urban,37122,1
S058,South,Urban,54980,1
S039,West,Suburban,18001,1
S006,North,Urban,37887,1
S014,North,SmallTown,44083,1
S015,East,Suburban,31105,1
S046,North,Suburban,61195,1
S053,South,Suburban,38064,1
S034,West,SmallTown,55964,1
S025,West,Suburban,47308,1
S012,South,Suburban,49116,1
S048,North,Suburban,55328,1
S017,East,Suburban,44505,1
S032,West,Suburban,47927,2
S041,West,Urban,40893,1
S043,East,Urban,37597,1
S010,South,Suburban,59404,2
S040,North,Suburban,26728,2
S009,South,Suburban,43152,1
S060,North,Suburban,18132,1
S057,South,Urban,25049,1
S049,East,SmallTown,47820,1
S030,South,SmallTown,54197,1
S026,South,Suburban,48239,1
S029,East,SmallTown,48923,1
S050,South,Suburban,49556,1
S001,North,Suburban,45089,1
S016,West,Urban,41499,1
S037,North,Urban,46009,1
S027,North,Suburban,39471,2
S010,South,Suburban,56575,1
