rep_id,pre_sales,tenure_months,training,calls_made_post,revenue_post
1,8319.15,35.4,1,57.4,11816.01
2,17396.3,49.5,1,58.1,16901.81
3,9915.13,66.3,1,56.4,15225.91
4,10923.08,61.3,0,45.9,13921.12
5,9851.8,86.7,0,44.2,11916.35
6,11633.86,28.0,1,58.2,14135.82
7,12542.15,110.0,1,68.4,15097.53
8,13937.29,62.0,0,53.7,15350.42
9,16329.11,126.9,0,57.2,18514.21
10,10171.15,90.9,0,44.2,12021.43
11,13391.05,29.5,0,48.3,16994.93
12,13924.23,71.7,1,51.9,16675.9
13,9735.63,86.9,0,58.1,14060.46
14,11933.54,57.4,0,40.8,13168.02
15,13021.03,74.8,0,49.0,14447.55
16,6598.17,25.6,0,43.5,9207.09
17,12963.76,48.9,0,55.7,13982.66
18,9268.05,104.0,0,46.3,11700.02
19,10472.95,13.0,0,42.6,13343.52
20,10361.01,133.8,0,55.4,13899.67
21,11640.87,32.8,1,58.2,14068.46
22,16387.66,60.6,0,55.0,17561.86
23,7189.16,44.1,0,45.6,9924.45
24,13123.83,34.8,0,48.2,14991.04
25,10963.42,12.1,0,50.9,12929.48
26,10944.0,31.4,0,52.6,12768.34
27,4755.63,21.6,0,43.7,9651.35
28,13961.0,109.9,1,52.4,17236.01
29,12816.07,77.9,1,58.5,15433.23
30,10309.31,19.6,1,52.5,13673.35
31,10700.99,43.9,1,45.0,13126.41
32,10950.16,42.3,1,62.0,14358.7
33,15950.87,61.9,1,58.7,17446.23
34,13184.89,92.7,0,50.6,14297.7
35,11648.38,55.7,1,55.4,13412.29
36,11755.08,39.9,1,54.9,14584.71
37,15452.24,86.6,0,55.7,16248.66
38,15483.42,76.7,1,58.2,17564.73
39,14364.07,29.7,0,51.1,13935.86
40,12325.4,48.8,0,56.2,14813.64
41,14943.55,18.9,1,51.4,16775.75
42,15284.67,30.0,0,60.3,15535.94
43,11046.75,107.6,0,52.1,14882.11
44,12238.28,58.1,1,64.2,14542.67
45,13053.71,73.6,0,56.5,14453.51
46,16304.16,67.7,1,59.9,17987.88
47,11016.21,87.5,0,50.2,12230.82
48,14759.0,43.1,1,51.5,16551.08
49,9133.02,18.3,1,54.5,12045.82
50,9007.99,104.0,0,56.1,11682.13
51,11840.11,56.5,0,60.5,14456.48
52,13674.37,62.0,0,44.4,14933.14
53,13995.89,45.2,1,62.6,17182.62
54,12559.73,69.9,0,50.3,14662.66
55,11376.82,65.7,0,43.3,10815.3
56,8361.02,65.6,0,43.7,10894.1
57,16684.91,103.1,0,54.0,16454.62
58,14916.13,46.7,1,66.4,16976.8
59,9602.4,55.2,0,51.1,11533.06
60,12672.59,64.0,1,55.7,15045.54
61,13904.28,34.9,1,59.7,16286.22
62,14722.53,137.5,0,47.7,14974.27
63,13837.11,39.6,0,46.4,15021.74
64,9752.08,56.5,0,41.7,11783.54
65,10575.59,47.8,1,50.0,12727.51
66,7684.05,58.5,1,55.8,10466.91
67,8632.31,60.1,1,52.7,11658.36
68,15702.51,103.3,0,51.6,17130.84
69,13982.97,34.1,1,55.7,16671.15
70,12031.25,76.0,0,53.9,14743.11
71,13124.79,51.0,1,49.8,14089.85
72,13201.75,34.7,1,57.1,15014.31
73,10591.84,72.1,1,54.3,13719.34
74,8062.7,40.0,1,51.2,11156.11
75,8603.01,67.0,0,34.0,10403.69
76,16156.19,76.6,1,59.8,16409.25
77,8340.57,19.7,0,41.7,10946.29
78,10352.49,39.7,1,52.3,12680.5
79,12224.27,23.2,1,56.3,14887.63
80,14364.38,30.8,0,53.0,16317.8
81,13403.36,17.7,1,55.7,13532.19
82,10683.96,38.7,0,56.0,13094.36
83,8761.01,82.5,1,54.7,12651.29
84,15389.28,21.7,0,44.4,15046.73
85,10185.64,114.2,1,50.3,12746.3
86,11806.97,64.5,1,57.9,12259.09
87,9904.92,73.6,0,48.5,12424.0
88,14245.15,38.4,0,47.1,15791.26
89,13789.08,63.7,1,56.0,14859.65
90,14369.41,113.7,1,57.0,16105.78
91,12097.85,105.3,0,41.7,14804.83
92,13304.25,79.0,0,57.9,15958.1
93,14133.85,34.3,0,68.9,16499.61
94,11141.71,50.2,0,51.5,11913.88
95,13957.27,36.5,1,61.2,16869.74
96,13258.17,103.8,0,48.3,15967.03
97,14293.53,38.8,1,62.1,16721.64
98,9357.13,26.4,0,45.3,11136.55
99,13494.25,30.5,1,50.1,16961.67
100,11918.61,43.9,1,55.0,15020.4
101,10748.27,35.5,1,53.0,12650.22
102,11663.72,38.0,0,58.7,15440.28
103,11610.3,49.1,1,55.5,15511.65
104,14478.84,71.7,1,57.7,17126.06
105,13654.05,73.3,1,61.8,15722.38
106,12569.12,22.9,1,45.4,14717.09
107,12429.5,17.1,1,53.8,15032.45
108,14764.91,22.4,0,55.0,15767.24
109,9797.68,51.3,1,67.3,14115.84
110,11064.51,16.2,1,57.0,15040.49
111,11912.6,62.2,1,57.2,16181.94
112,12883.46,86.1,0,53.8,14607.49
113,11306.53,51.0,1,56.3,14411.57
114,14146.68,20.4,0,41.9,15448.53
115,11436.34,46.8,0,46.4,13191.47
116,14955.23,9.6,0,47.7,15105.67
117,9096.99,59.0,1,60.7,12931.17
118,10122.81,62.1,0,52.0,12768.53
119,13734.27,63.0,1,54.6,14996.96
120,12622.11,33.5,1,64.6,16020.2
121,11895.04,69.3,0,49.4,12793.97
122,11465.85,19.6,1,55.4,13159.41
123,7265.03,40.6,1,47.5,8773.0
124,11582.12,85.1,1,54.4,13402.08
125,9737.9,16.6,0,46.4,12285.08
126,9661.41,85.3,0,51.5,11246.22
127,10461.79,47.3,1,48.3,12169.34
128,10649.76,43.3,0,47.7,13648.51
129,10858.02,89.9,1,58.2,13163.43
130,10556.31,24.7,1,56.7,15433.47
131,11098.43,8.2,1,64.1,14238.09
132,13792.56,108.4,1,60.8,15438.75
133,11860.96,34.4,0,58.5,11090.62
134,11633.98,37.4,0,57.0,13633.27
135,10516.16,78.6,1,53.1,12482.7
136,15845.66,37.2,1,58.3,16120.68
137,13710.25,37.1,1,54.5,15091.18
138,12828.56,161.9,1,52.5,13778.81
139,12626.29,67.4,1,54.4,15337.89
140,10028.25,47.8,0,46.0,11983.26
141,15392.63,19.3,1,55.1,17416.49
142,8459.09,47.3,0,41.1,10423.46
143,9960.48,80.6,0,48.9,11152.61
144,11276.89,18.8,0,52.5,13850.35
145,8040.11,69.8,1,50.4,10787.45
146,12277.25,31.8,0,41.0,14627.26
147,13906.72,64.4,0,53.1,15773.03
148,10715.09,34.9,0,49.9,12734.05
149,17015.55,47.4,1,53.4,19158.79
150,13709.38,47.0,1,57.6,17603.44
151,11228.15,62.6,0,48.7,12404.78
152,11695.7,60.1,1,52.1,14537.58
153,8918.52,23.2,0,54.0,11394.17
154,13552.05,29.9,1,58.4,14147.25
155,9610.48,85.4,1,57.8,14399.36
156,11425.04,127.1,1,59.1,14633.12
157,10900.15,45.8,1,56.6,13222.27
158,12313.02,73.3,1,54.2,15009.62
159,8133.59,23.9,0,50.3,11333.97
160,12550.76,41.6,1,56.5,14535.35
161,14677.28,60.7,1,70.0,18207.22
162,10865.23,27.2,0,49.8,13204.23
163,11519.05,36.7,0,48.8,12602.24
164,14643.04,24.6,0,44.9,14642.46
165,13462.08,30.6,0,44.3,15129.55
166,12785.6,29.5,0,54.2,14533.9
167,9002.21,44.4,1,44.3,12899.23
168,14380.65,70.8,1,66.8,16651.98
169,10109.59,47.8,0,52.8,12591.13
170,14524.52,95.7,1,55.7,15673.31
171,11777.55,55.7,0,57.2,15047.78
172,13927.89,90.4,0,54.6,15806.06
173,11839.86,54.5,1,51.7,15011.13
174,13602.93,77.7,0,41.7,14810.39
175,16819.27,48.7,0,47.3,18680.99
176,10227.42,70.8,1,48.3,12923.43
177,13988.52,42.2,1,56.5,16949.65
178,16094.56,9.9,1,60.8,18644.14
179,15355.79,54.6,1,66.3,17980.02
180,10125.5,45.9,0,46.3,12238.78
181,13205.91,39.0,0,50.4,14756.87
182,15045.4,68.6,0,56.8,16660.19
183,15057.5,41.2,0,50.3,15422.26
184,14924.74,53.5,1,64.1,17568.62
185,10505.26,30.1,0,57.0,12639.75
186,11183.67,49.1,1,49.1,14417.4
187,8763.89,12.1,0,40.4,12006.86
188,11868.25,32.3,0,51.2,14045.56
189,13746.9,77.3,0,55.3,15748.83
190,11878.34,33.3,1,53.1,14354.9
191,11595.14,37.8,1,45.7,13691.47
192,13888.72,28.1,0,58.8,14771.95
193,8416.1,27.9,1,48.5,10635.05
194,14155.8,15.8,1,50.6,16304.7
195,12572.62,25.5,0,49.1,13549.23
196,14149.67,66.6,1,59.8,16028.22
197,10307.07,24.2,0,47.4,11888.81
198,12511.44,40.0,1,54.7,14753.98
199,11335.24,26.4,0,39.3,14146.72
200,8302.65,40.0,0,46.3,10268.23
201,14039.89,77.4,1,45.1,14276.12
202,6649.33,44.4,0,40.8,10848.81
203,11740.82,53.1,1,54.2,16952.47
204,9440.76,47.5,1,48.0,12239.51
205,13257.86,69.2,0,46.4,14931.17
206,14655.47,107.7,0,54.1,16066.56
207,12941.4,106.0,0,50.3,14400.41
208,12091.87,32.4,0,45.2,11193.42
209,8615.64,62.5,0,36.8,11223.95
210,9352.79,13.7,0,46.6,11552.1
211,10660.8,40.0,0,42.7,12455.91
212,13087.58,34.6,1,48.9,14584.12
213,10987.44,71.4,1,54.8,12489.86
214,14683.72,115.6,0,57.0,17598.77
215,9293.25,69.1,1,52.8,12350.18
216,13249.01,11.9,1,64.5,17162.98
217,10585.97,71.6,1,57.3,13562.89
218,10955.11,87.3,1,53.4,13824.12
219,7740.21,26.8,1,49.5,10408.67
220,12509.02,41.5,0,50.5,15702.18
221,9823.17,102.1,0,50.8,12446.17
222,14258.31,17.7,0,49.0,16102.08
223,11436.73,4.3,0,52.5,13468.44
224,12051.4,57.3,1,46.5,13706.55
225,10031.03,28.2,0,48.9,13545.81
226,14273.0,22.4,0,52.3,14521.76
227,13715.48,51.0,0,53.3,16895.09
228,10199.56,27.2,0,45.7,13160.5
229,12694.87,16.5,1,56.9,15712.88
230,10463.77,28.3,1,45.1,14247.92
231,12413.59,25.5,0,49.6,15626.74
232,10660.64,38.6,1,47.9,14536.37
233,14420.65,8.0,1,53.6,15621.61
234,10231.29,32.4,0,53.5,12918.87
235,9530.05,41.1,0,55.1,12015.0
236,16112.25,46.2,1,70.7,17902.7
237,15860.88,31.5,1,63.5,18319.87
238,9750.81,93.7,0,43.9,11679.59
239,11229.27,46.5,0,47.3,12627.54
240,11891.94,33.1,0,58.9,14701.57
241,14330.12,72.8,1,59.8,16506.82
242,3436.13,23.5,0,51.1,8150.86
243,9039.6,100.5,0,48.8,12871.02
244,10774.61,53.7,1,48.4,13602.98
245,12916.45,45.4,0,48.5,14499.63
246,13737.65,28.0,0,44.5,13770.63
247,8436.87,65.7,1,58.3,11634.84
248,11475.48,44.4,1,44.9,13003.69
249,5599.73,90.8,1,41.2,9105.97
250,14396.92,55.4,0,56.1,16610.7
251,12105.24,98.1,0,59.0,15659.41
252,12315.74,69.5,1,52.9,15055.78
253,12278.04,104.3,0,50.1,14272.91
254,12275.01,32.6,0,55.3,13462.21
255,14937.65,27.4,0,56.5,15972.28
256,11512.26,96.1,0,48.7,13115.74
257,14505.26,59.5,0,50.9,14911.02
258,10238.1,37.9,0,32.4,11623.64
259,12130.37,42.6,0,58.3,16625.95
260,13419.78,62.0,0,56.4,15408.21
261,13924.23,110.2,0,59.6,14973.29
262,14312.47,56.0,0,53.4,16833.82
263,7247.63,26.0,0,42.6,9072.59
264,13356.49,32.3,1,45.3,15811.68
265,9140.26,82.7,1,57.6,12932.46
266,10185.58,32.8,0,55.7,11725.59
267,14062.78,117.1,0,61.9,17001.34
268,11514.8,42.3,1,47.2,13251.02
269,12294.85,51.1,1,56.1,14990.44
270,7328.52,53.9,1,57.1,10881.4
271,13057.06,45.1,1,52.9,16276.25
272,16392.11,17.5,1,62.8,18809.04
273,14024.63,39.1,1,52.8,17793.54
274,6478.75,36.5,0,37.0,7639.88
275,8346.23,34.9,1,51.6,12278.4
276,11956.05,38.2,0,52.4,12655.38
277,8823.06,21.7,1,52.7,11428.45
278,11032.94,69.1,1,55.7,14490.44
279,10803.71,19.2,1,56.3,14862.23
280,13575.83,102.1,1,65.9,15723.94
281,11555.95,31.3,0,53.4,13866.04
282,17760.89,7.5,0,47.3,17169.99
283,10048.4,51.2,1,56.9,13687.67
284,11724.52,62.7,1,43.8,14200.16
285,8473.27,48.4,1,62.0,12970.25
286,13497.12,126.1,0,58.5,14577.17
287,12176.15,68.6,1,62.4,14001.1
288,9861.42,27.2,1,67.0,14162.64
289,14022.68,46.6,0,55.7,16414.81
290,17555.36,20.8,1,57.0,18751.24
291,12891.01,59.5,0,47.6,12880.21
292,9795.29,70.0,0,54.1,11406.08
293,6261.2,20.4,0,40.4,8424.8
294,8102.65,6.7,0,37.4,9657.7
295,11743.41,102.3,0,50.6,13244.83
296,15796.27,42.5,0,58.5,18870.27
297,16537.85,32.3,1,70.5,20066.51
298,12153.59,37.7,1,57.0,15118.78
299,14912.12,64.8,0,48.7,16107.46
300,12383.52,50.9,1,58.9,15444.65
301,14460.21,44.5,0,47.9,15903.54
302,12463.98,24.5,0,48.3,14559.39
303,11979.5,29.1,1,60.5,15278.46
304,9426.44,67.4,0,44.2,12962.39
305,8819.61,50.8,1,47.0,11724.38
306,14563.86,39.4,0,58.1,17668.49
307,6181.05,115.7,1,48.5,10240.55
308,10169.95,90.7,0,55.5,13391.21
309,11626.43,131.9,1,62.5,13362.82
310,14714.86,42.0,1,60.9,15816.11
311,11300.71,21.2,1,65.9,14698.05
312,8872.72,40.8,1,51.2,11808.85
313,12919.6,29.2,0,52.8,14843.15
314,11644.4,65.6,1,61.2,15087.36
315,11327.5,41.3,1,52.6,14069.25
316,12623.61,44.4,1,57.6,13720.95
317,15571.47,48.9,0,47.0,17327.43
318,12271.72,56.6,0,46.2,14099.44
319,13917.0,47.5,1,58.7,16531.73
320,10800.11,89.6,1,62.4,13148.5
321,15854.83,4.0,0,50.6,16002.92
322,14204.99,31.3,0,53.4,15283.44
323,15253.57,63.2,0,47.3,15494.73
324,12134.77,48.9,0,43.7,13588.2
325,10387.15,32.5,0,37.0,12653.4
326,13798.2,35.8,0,43.3,14438.28
327,14081.87,43.7,0,49.4,15691.58
328,13699.29,19.7,1,60.5,14556.93
329,11421.5,52.8,1,58.1,12958.51
330,11067.5,79.7,1,58.4,14982.36
331,11167.18,18.9,0,43.3,12405.07
332,12738.49,30.4,1,52.0,15061.37
333,12222.71,31.8,1,55.2,15641.64
334,11759.23,52.0,1,54.9,14611.92
335,20920.94,101.2,1,64.2,21883.26
336,9989.03,70.8,1,56.3,14637.92
337,9765.89,36.2,0,54.9,14229.83
338,10703.23,49.3,0,49.5,12489.18
339,14802.11,34.9,0,59.8,16955.11
340,13781.12,42.6,0,56.1,15062.79
341,10617.89,77.4,1,58.2,12433.75
342,3551.14,30.0,1,49.1,7755.45
343,10296.25,56.0,0,45.4,12245.51
344,12050.22,22.2,0,56.7,13002.36
345,9466.54,45.7,0,46.6,12655.21
346,16816.64,65.1,0,52.5,18133.99
347,14069.81,31.8,0,51.2,14900.54
348,10235.47,46.0,1,47.8,13814.48
349,10466.48,10.2,0,44.0,12433.84
350,9924.99,99.4,0,47.2,11935.5
351,16691.41,105.1,0,51.5,18640.14
352,13993.85,87.7,0,52.3,14112.84
353,14357.94,39.9,1,55.6,15431.33
354,18751.8,114.0,1,67.2,20015.33
355,15288.53,22.9,1,57.3,17639.87
356,15175.33,45.5,0,62.0,15571.08
357,9938.35,25.0,0,42.5,11038.96
358,12082.23,41.2,0,42.8,12384.89
359,13475.5,43.2,1,57.5,15872.33
360,10819.49,45.8,1,56.5,13927.28
361,13168.55,22.0,0,55.8,16052.25
362,13092.04,81.4,1,57.8,15896.81
363,14849.51,61.1,1,57.5,16191.61
364,11636.5,60.0,0,44.5,13122.84
365,8631.5,148.1,1,51.4,11477.6
366,10817.48,24.8,0,49.2,11819.33
367,8842.59,17.4,0,40.2,11955.19
368,15096.68,45.9,0,48.2,14743.38
369,14405.33,32.8,0,49.5,15968.0
370,13638.37,21.5,1,54.5,14619.92
371,9738.89,65.1,0,53.8,12541.55
372,10800.41,46.3,0,48.7,13360.52
373,13219.46,18.4,1,60.2,14855.88
374,14351.5,24.7,0,59.8,17156.54
375,10475.3,42.3,1,56.0,12253.35
376,14460.52,35.8,1,53.7,15872.91
377,12667.09,46.6,1,60.1,15105.95
378,10990.88,56.3,1,54.8,13196.06
379,9480.67,10.3,1,58.2,12127.65
380,10501.7,26.6,1,48.8,12636.93
381,11843.66,70.0,0,57.4,14599.66
382,15020.96,31.1,1,62.7,16835.55
383,17063.36,61.7,0,54.3,18257.02
384,18210.6,17.4,1,70.1,20084.35
385,8111.93,78.4,1,51.0,13365.31
386,12493.2,65.4,0,62.2,15636.58
387,10533.66,48.9,1,51.4,13498.02
388,8627.37,20.8,0,53.2,9562.56
389,14064.72,36.2,1,51.0,16169.93
390,10964.4,35.7,1,49.2,14284.24
391,14168.59,69.3,0,55.2,15931.1
392,9826.46,41.6,1,59.8,13532.24
393,9807.98,63.5,0,49.6,12685.08
394,13702.62,56.0,0,56.6,14971.27
395,11441.48,112.9,0,53.2,12659.19
396,13232.42,44.0,0,50.1,14352.65
397,9773.48,42.0,0,42.8,11176.61
398,12582.01,59.5,1,61.1,16696.93
399,9797.83,47.2,0,49.7,13768.45
400,11011.67,11.1,1,51.3,15141.13
401,12947.47,12.9,1,62.4,16723.99
402,13195.15,23.8,0,54.7,14078.38
403,9591.75,99.3,1,40.8,13169.07
404,13869.99,112.6,0,55.5,15273.69
405,6889.87,54.3,0,49.4,10256.68
406,19097.4,36.1,1,64.7,20353.82
407,12867.53,65.8,0,53.0,13393.24
408,8526.57,50.1,1,48.9,11159.62
409,10923.96,71.3,0,49.7,12457.43
410,8530.86,63.5,0,47.0,11156.0
411,13650.05,91.1,1,62.6,17742.09
412,11760.96,44.1,0,48.9,13008.39
413,10447.66,56.3,1,54.6,12828.42
414,10587.12,66.3,1,48.9,12589.64
415,9097.47,45.6,1,57.2,10978.03
416,10014.6,17.6,1,58.2,13965.16
417,11255.25,15.5,1,58.3,14443.09
418,12329.88,25.4,0,56.8,12983.05
419,17486.39,76.1,1,66.0,18652.13
420,12439.79,42.1,1,65.7,17906.2
421,9943.06,36.4,0,42.1,11490.06
422,9224.48,34.5,0,52.0,13722.26
423,9873.49,16.5,0,47.5,11339.14
424,10010.24,18.6,0,48.8,13086.95
425,14214.82,47.2,0,52.6,16800.07
426,13280.22,9.6,0,43.8,13947.16
427,7071.56,29.3,0,48.9,11377.35
428,9777.86,112.0,0,44.8,12882.08
429,18386.87,32.7,1,58.1,18962.78
430,11797.35,40.3,0,51.1,13860.42
431,10643.73,72.1,0,48.4,12639.51
432,9488.4,17.1,1,62.5,13559.22
433,15542.11,18.0,1,57.9,17965.75
434,16148.5,36.0,0,58.7,16659.04
435,11161.04,46.3,1,51.4,14343.61
436,11660.05,75.7,0,53.1,13778.28
437,11636.63,57.7,1,61.3,14387.0
438,7994.47,68.7,0,46.0,10583.79
439,12509.99,33.3,1,58.4,16091.17
440,10398.01,41.6,1,59.7,13397.41
441,13502.87,90.6,1,57.9,14886.11
442,15719.66,72.1,1,64.8,15960.51
443,12097.26,62.5,1,59.3,13973.88
444,13998.22,20.6,1,55.0,15437.69
445,11435.92,40.7,1,60.1,14626.31
446,13384.77,45.2,1,59.1,17146.16
447,11208.18,45.8,0,47.5,14767.39
448,10640.73,27.0,0,56.8,12858.81
449,12796.32,47.9,0,51.5,14510.53
450,14584.18,82.7,1,57.8,17020.54
451,10342.46,20.3,0,49.1,12669.83
452,13811.95,50.4,0,51.4,15609.3
453,12970.99,39.8,1,58.6,14958.57
454,14451.44,124.5,0,56.3,15794.23
455,5997.32,50.7,0,46.8,11240.54
456,10211.3,29.2,1,52.1,11704.3
457,9268.62,11.8,0,44.2,10177.46
458,16075.64,60.5,1,64.8,17269.88
459,10752.73,27.0,0,40.8,12723.99
460,17721.98,22.9,1,51.3,16929.77
461,14001.66,38.9,0,54.0,15495.01
462,13448.49,47.2,0,48.8,13644.38
463,10935.1,51.3,1,52.0,13429.85
464,10478.85,81.1,1,57.1,13682.38
465,7064.47,43.2,1,50.5,10276.16
466,8752.78,78.9,1,45.7,12689.27
467,13265.86,48.0,1,54.2,16087.4
468,11879.95,51.7,1,58.5,14365.14
469,12816.72,23.3,1,61.2,16560.7
470,11410.12,41.2,0,51.8,14474.92
471,9245.74,94.9,0,45.7,11670.14
472,11601.27,27.3,1,56.5,13325.5
473,12461.53,21.0,1,62.2,15315.21
474,17796.63,49.4,1,66.4,19719.67
475,13150.58,26.7,0,47.2,14286.53
476,10849.93,66.6,1,53.6,14430.86
477,15654.79,26.3,0,59.5,16253.06
478,13436.93,63.5,1,61.3,14777.01
479,10444.51,14.3,1,52.0,13602.83
480,9831.91,49.2,0,52.3,12237.44
481,12147.41,36.2,1,58.0,13965.73
482,8876.47,49.4,0,42.3,10620.57
483,14417.18,43.3,0,49.5,15319.0
484,10870.56,32.2,1,63.6,12930.01
485,12056.08,56.8,1,52.9,11775.44
486,7062.54,66.1,1,54.8,12406.3
487,13062.9,80.0,1,57.4,16086.69
488,12626.81,44.0,0,41.4,13703.64
489,10371.61,38.7,1,52.0,13321.77
490,13056.44,17.4,1,58.0,14569.31
491,12826.3,92.8,1,56.8,16121.42
492,8498.87,24.7,0,43.1,12770.9
493,13113.87,74.7,1,57.7,15651.13
494,12708.38,54.3,1,53.9,15590.11
495,15776.1,9.4,1,62.9,15685.59
496,10653.39,116.9,1,57.8,13441.65
497,13557.35,63.7,1,50.6,14565.33
498,11256.16,28.4,1,51.2,14062.83
499,13797.9,21.5,0,56.3,15080.03
500,10254.41,50.3,0,48.1,13240.39
501,8591.8,38.5,1,54.7,12823.01
502,6512.44,94.8,0,42.1,10185.36
503,8906.92,59.3,0,45.9,11324.57
504,6926.01,29.3,1,54.3,10342.64
505,9096.89,113.0,1,53.0,11403.05
506,11701.35,42.4,1,53.2,14260.72
507,9858.01,62.4,1,50.9,13611.65
508,15457.81,69.3,1,61.5,17219.34
509,13000.08,10.2,1,58.5,16605.8
510,8961.73,79.4,0,48.2,12491.22
511,12154.55,33.3,1,60.9,16812.14
512,10477.21,90.8,0,51.1,12085.87
513,10115.33,38.3,1,41.5,12199.27
514,12161.9,52.2,1,56.3,14975.37
515,13477.35,94.8,1,62.8,17751.69
516,11329.34,98.5,1,53.1,15861.98
517,9729.3,77.5,0,35.3,13069.81
518,11754.84,48.7,0,52.6,13573.32
519,11285.71,72.1,1,53.0,13861.64
520,8277.04,66.7,1,61.1,12326.99
521,14670.54,33.2,0,55.6,15485.48
522,14934.61,26.2,1,59.9,17166.4
523,10156.6,46.1,1,46.7,13622.45
524,11769.23,10.7,0,48.7,15322.37
525,15633.24,74.8,1,58.4,17401.64
526,11772.26,40.2,0,49.6,13001.27
527,11250.99,57.0,1,57.8,14349.0
528,10612.71,118.9,0,43.3,13611.2
529,6665.13,88.0,0,40.4,8977.69
530,12266.25,110.0,1,54.3,15148.6
531,10413.21,108.1,0,42.4,14183.12
532,9625.63,25.3,1,50.3,12478.86
533,15040.89,56.8,0,50.0,16133.42
534,15732.08,66.9,0,48.7,14439.36
535,7675.22,39.6,0,42.4,10079.43
536,13326.51,33.8,0,47.3,14407.64
537,14911.11,109.1,1,63.3,18250.02
538,15477.96,20.7,0,54.5,16198.84
539,10848.53,24.4,0,47.5,12847.3
540,10256.9,31.8,0,47.1,12640.58
541,11227.53,74.7,0,55.1,12861.07
542,11316.99,20.1,0,42.9,11966.81
543,13272.66,55.6,0,51.0,15198.07
544,13226.33,56.3,0,48.7,14374.51
545,10682.07,74.8,1,48.3,14311.53
546,13334.67,39.3,1,43.5,15079.42
547,13861.91,36.7,0,53.6,15974.34
548,9324.62,40.5,1,44.3,14183.94
549,14679.96,20.9,1,56.8,17500.05
550,12531.69,82.9,0,35.0,11280.06
551,7016.14,65.5,1,53.9,9570.45
552,7591.66,41.2,1,49.2,9584.02
553,11050.74,59.2,0,51.3,13786.4
554,9915.47,76.8,0,47.3,13331.09
555,12888.93,48.8,1,52.5,14954.92
556,8884.51,142.0,1,53.9,12515.62
557,9695.86,29.8,0,44.3,12628.03
558,11391.47,55.4,0,45.4,13284.1
559,13364.97,17.3,0,51.1,13782.55
560,10222.45,67.2,1,57.3,13660.29
561,8991.9,32.8,1,57.2,11928.96
562,12767.12,76.7,1,54.4,13598.66
563,12303.51,51.0,0,43.7,12381.18
564,12611.05,58.0,0,39.3,15009.0
565,13561.33,38.6,1,61.0,14645.13
566,12379.22,55.4,0,41.9,12765.22
567,19481.23,45.8,0,60.0,20114.84
568,13621.93,33.2,1,55.5,15914.57
569,13268.25,40.8,1,60.7,15363.21
570,6806.0,107.6,1,51.0,10008.07
571,11620.81,126.4,0,49.4,14782.57
572,13693.96,38.1,0,51.2,14112.46
573,10641.75,100.7,1,47.0,14175.8
574,13771.63,29.6,1,59.8,16335.02
575,10133.68,44.1,0,51.9,11705.7
576,11222.25,31.6,1,61.1,14048.74
577,10465.74,15.7,0,45.1,12058.25
578,9756.73,43.3,1,45.9,11278.24
579,10996.85,26.9,0,53.9,13329.23
580,11511.33,38.3,1,53.2,13191.27
581,11033.08,24.8,1,51.5,12661.34
582,11367.45,55.3,1,58.2,14742.44
583,11709.01,68.5,1,46.4,13921.48
584,12278.99,59.2,0,40.8,11859.22
585,17776.77,120.9,0,57.3,18698.73
586,13568.97,46.2,1,51.6,16582.79
587,9460.81,28.2,0,54.7,12931.02
588,15593.89,8.6,0,60.2,17610.7
589,12718.06,69.2,1,54.5,13648.87
590,16535.27,105.0,1,73.1,17788.7
591,11837.04,29.7,0,49.9,13357.55
592,17953.8,64.9,0,64.0,18067.35
593,13230.1,76.6,1,61.3,15117.29
594,12845.71,47.9,0,44.8,12720.1
595,11218.03,48.6,0,50.1,13797.93
596,14723.17,33.8,1,62.2,16916.97
597,9182.31,32.2,0,45.8,11897.34
598,11458.05,54.6,0,40.3,12301.05
599,13970.45,33.9,0,48.2,15948.61
600,5830.61,44.7,1,50.8,9499.79
601,14255.17,77.7,0,46.0,14916.44
602,14493.23,23.1,1,59.7,14652.91
603,14684.57,64.3,1,64.2,17255.15
604,13466.24,64.7,1,62.7,15993.32
605,16818.49,74.6,0,59.2,17731.17
606,11870.86,11.1,0,54.1,13473.25
607,9133.26,42.6,1,54.7,10392.98
608,9471.79,54.6,1,68.5,13921.01
609,10159.29,39.2,1,57.1,13490.72
610,11602.57,57.2,1,55.3,13209.89
611,9466.8,87.9,1,43.2,12742.93
612,8335.06,114.4,0,46.8,11532.52
613,13455.06,55.5,1,61.0,16577.29
614,15466.99,30.1,0,48.2,17131.36
615,10992.79,54.1,1,55.4,11935.46
616,12144.64,33.3,0,49.5,14491.37
617,14437.33,17.4,1,54.8,16298.95
618,12059.42,72.8,0,51.4,13090.21
619,12128.32,33.7,1,51.8,13948.05
620,8961.4,42.5,0,49.8,11677.58
621,7329.52,81.5,0,41.3,10689.63
622,9765.7,18.2,0,42.5,12848.47
623,11482.8,68.9,0,52.4,14240.52
624,15872.52,57.2,1,64.6,19043.67
625,9295.58,73.3,1,60.1,12102.56
626,17967.06,36.3,1,68.6,18048.23
627,8903.68,81.2,1,59.0,12685.37
628,9216.85,71.2,0,47.8,11153.52
629,12810.75,109.8,0,51.3,13273.98
630,11844.3,24.9,0,55.2,13895.08
631,14057.42,12.5,1,55.8,16442.34
632,13912.04,51.9,0,45.8,14292.37
633,16765.72,40.4,1,60.5,17814.52
634,11669.63,16.9,1,51.4,14975.09
635,6311.18,113.3,1,52.0,10139.03
636,11384.49,28.1,0,47.2,12146.0
637,12315.36,101.1,1,52.2,13754.34
638,14344.26,67.5,0,54.3,14628.78
639,12900.68,31.6,0,44.9,13735.42
640,11387.05,10.6,1,59.5,13660.77
641,8621.49,29.8,0,43.9,12246.24
642,10492.27,43.1,0,53.9,12955.54
643,16440.22,55.4,1,66.1,16724.58
644,11995.06,91.2,1,57.8,13628.29
645,10970.87,40.4,1,50.2,12303.53
646,12522.97,50.9,1,51.2,14284.54
647,12532.61,94.3,0,52.0,13874.32
648,14429.6,10.7,1,56.9,15123.65
649,15324.85,46.9,1,54.3,16750.21
650,10944.66,39.3,1,54.2,14183.94
651,10500.6,80.7,0,48.5,12214.85
652,13114.87,25.5,0,44.5,13979.82
653,16708.44,23.2,0,52.4,17136.32
654,8610.94,16.2,1,57.0,12955.27
655,10941.59,65.1,1,51.0,14088.06
656,16348.25,30.6,1,60.7,18539.45
657,13581.54,98.1,1,53.8,14181.55
658,7377.64,17.2,1,49.6,9093.11
659,16620.11,46.2,1,58.3,17339.83
660,12700.68,51.3,1,59.3,13758.31
661,11521.37,53.8,0,45.6,13113.14
662,10937.46,25.5,1,35.1,12335.64
663,13222.73,23.1,1,58.8,15807.32
664,13022.85,27.2,0,53.3,14900.24
665,10726.76,39.1,0,49.2,11578.56
666,13252.02,39.1,1,47.2,14911.11
667,8928.14,38.7,0,51.2,11638.32
668,11973.25,51.3,0,54.1,13412.6
669,11144.67,39.0,0,42.4,13601.1
670,10910.72,38.0,1,59.8,14065.1
671,13000.15,44.5,0,49.6,14075.86
672,11402.52,36.1,1,57.7,13632.43
673,14337.54,71.2,0,45.4,14690.5
674,12658.9,13.0,0,50.0,13755.89
675,11283.1,73.4,1,56.7,14648.43
676,16382.7,52.5,1,57.6,17738.43
677,16153.18,43.8,1,59.6,18555.68
678,9566.16,4.0,1,55.6,11821.9
679,8624.08,29.8,0,48.8,10232.97
680,8516.05,71.0,0,44.5,11495.05
681,10536.64,89.2,1,61.1,13312.12
682,12483.22,36.0,1,47.8,15510.11
683,14406.66,60.8,1,53.7,14276.3
684,16805.06,50.1,1,57.4,18823.11
685,9764.72,70.3,1,57.8,13720.98
686,9561.34,11.5,1,58.9,13237.87
687,8740.94,40.1,0,44.9,11686.25
688,5074.66,86.6,1,53.4,10386.53
689,12871.32,53.6,0,61.6,15772.24
690,5412.64,42.2,0,40.5,8528.68
691,13674.59,48.2,0,52.9,15201.73
692,12974.5,57.4,1,50.2,14003.26
693,17627.3,53.5,0,55.1,17769.33
694,8368.73,54.2,1,54.5,13596.08
695,11211.27,74.9,0,44.7,12306.88
696,13160.48,28.3,0,54.9,14413.61
697,8694.07,39.7,0,49.5,12001.88
698,11425.12,64.4,1,60.9,14027.77
699,11390.62,68.8,1,54.7,14023.97
700,14914.31,6.8,0,55.4,15598.52
701,11745.63,63.8,1,47.0,14527.46
702,13255.42,51.9,1,54.1,13611.08
703,13201.8,108.4,1,46.7,14906.17
704,11738.25,46.2,1,50.4,15143.23
705,10960.96,27.1,0,33.3,12642.42
706,11259.85,38.3,0,46.9,11811.75
707,17667.02,40.9,0,64.9,18587.6
708,11774.88,47.1,0,56.6,13269.56
709,14638.35,36.5,1,50.3,16922.45
710,15693.07,95.6,1,56.7,16246.38
711,13626.94,148.9,1,58.7,16092.96
712,11570.48,38.4,1,58.7,15822.28
713,16416.89,65.5,1,52.9,18702.78
714,8944.65,22.2,0,46.9,10108.33
715,10633.6,30.5,1,49.1,15546.31
716,12425.78,34.6,0,56.3,13863.43
717,11727.1,60.0,0,59.2,15967.29
718,12578.25,57.2,1,46.3,14722.64
719,9174.83,40.3,0,40.0,11091.43
720,14696.45,34.5,0,44.8,14048.05
721,9772.93,113.5,1,55.6,14973.25
722,10777.02,7.5,1,53.3,14744.54
723,15198.72,18.5,1,53.4,16358.96
724,11011.43,153.2,1,48.9,14240.47
725,11779.51,92.3,0,48.5,14064.77
726,11327.11,38.7,1,50.9,13661.46
727,13750.38,36.7,0,56.3,14593.38
728,13526.07,23.4,1,59.6,18114.53
729,12402.31,24.7,0,50.5,15591.84
730,11306.36,78.1,0,39.9,14009.84
731,16658.73,17.8,0,61.2,17296.64
732,8839.53,17.2,0,42.3,12725.4
733,16094.35,23.6,0,59.1,18439.5
734,11127.03,9.9,0,48.6,12608.41
735,11495.16,20.4,1,47.9,13214.26
736,13961.56,16.8,0,55.5,15992.14
737,8933.67,143.5,1,52.6,12487.75
738,11360.65,15.1,0,55.1,11544.65
739,7479.79,43.6,0,52.6,11562.33
740,6834.44,65.6,1,57.6,11860.51
741,9161.41,105.6,0,46.5,13112.35
742,9577.23,57.8,1,57.6,12152.9
743,12401.2,49.3,1,59.3,15178.02
744,10812.77,80.0,0,39.6,12615.37
745,11702.73,41.4,1,55.8,14099.33
746,9556.96,34.1,0,52.1,9695.54
747,10356.69,19.1,0,57.2,13831.3
748,12345.01,54.7,0,54.9,14579.76
749,12884.46,37.2,1,52.1,12490.67
750,13113.1,92.0,1,55.1,14822.07
751,14677.49,37.6,0,42.7,15304.03
752,11069.26,55.3,0,44.6,14034.68
753,9902.93,13.9,0,48.9,12674.9
754,11117.21,65.5,0,48.8,11775.75
755,9971.8,57.0,1,51.4,13077.35
756,16682.74,28.2,0,56.2,17693.68
757,10466.4,13.1,1,54.2,14144.51
758,15196.86,93.8,0,54.4,16839.72
759,14025.28,101.3,1,61.2,15695.44
760,8814.56,34.6,1,52.5,11529.49
761,10950.21,28.3,0,47.1,13460.03
762,9687.8,41.6,0,56.6,13635.23
763,15986.53,145.8,1,57.5,17777.84
764,11616.28,23.8,1,54.2,13947.41
765,13631.31,29.4,0,45.1,13481.31
766,16875.12,8.1,0,53.9,18116.55
767,12817.17,41.6,0,45.6,15750.35
768,13857.45,113.0,0,58.5,14072.25
769,11922.47,64.6,0,56.6,13904.17
770,10154.2,17.6,1,52.7,12845.8
771,11779.29,59.0,1,54.7,12777.57
772,12216.71,56.0,0,46.9,14881.39
773,14265.34,23.4,1,68.3,17597.92
774,10975.57,38.5,0,51.7,14343.11
775,8771.2,40.7,1,58.9,12109.03
776,8071.02,37.5,1,55.9,11355.32
777,6647.43,22.2,0,40.2,9802.31
778,11584.82,104.3,0,49.8,12173.1
779,10784.7,56.0,1,53.3,13380.54
780,10318.69,60.7,1,61.0,12493.08
781,13030.76,33.2,1,53.6,15567.02
782,12490.05,49.3,0,50.8,14783.23
783,14425.17,52.6,1,66.8,16592.31
784,12940.19,40.9,1,62.0,16408.84
785,14653.92,65.7,1,49.8,16484.43
786,9872.98,75.6,0,40.7,11677.82
787,11100.3,39.0,1,47.7,12595.39
788,13298.03,52.7,0,49.1,12904.03
789,8820.98,49.6,1,54.5,13356.26
790,16340.39,58.9,1,60.4,19007.48
791,9515.88,55.5,0,49.7,11330.5
792,13686.89,93.2,1,57.4,16148.71
793,10178.82,49.8,1,51.3,14155.46
794,6721.78,53.6,0,38.9,10226.69
795,14085.47,37.6,1,56.7,14149.54
796,13771.13,12.5,1,59.9,17179.7
797,10816.46,27.4,0,53.2,13762.15
798,11332.61,50.2,0,48.5,13869.97
799,13430.1,44.7,0,46.3,14625.95
800,12790.92,46.2,1,52.0,14214.47
801,16256.34,113.8,1,65.6,17951.26
802,12670.87,47.4,0,51.0,12448.01
803,8645.68,76.4,1,45.3,10897.28
804,10976.4,31.0,1,59.3,16066.22
805,11509.56,111.1,1,57.4,15469.1
806,12974.01,69.5,1,60.2,16526.28
807,10465.81,34.2,0,53.4,12783.01
808,11736.52,67.4,0,52.1,12504.42
809,14781.55,73.0,1,64.1,17549.92
810,16911.89,35.3,0,56.3,17303.63
811,9551.25,70.7,1,41.3,12089.61
812,13138.78,40.1,1,65.2,16299.2
813,12735.0,65.4,0,52.4,15744.44
814,12840.46,26.5,0,58.8,16282.2
815,14068.63,52.3,0,51.8,15275.97
816,12045.75,97.6,0,54.5,14487.16
817,10681.08,21.9,1,53.1,12493.46
818,9499.04,36.8,1,56.7,12896.45
819,12305.37,13.6,0,55.7,13564.63
820,9999.25,9.4,0,53.1,13224.73
821,8714.02,50.6,0,42.2,13293.34
822,14743.24,33.6,1,68.1,17076.74
823,10799.51,41.5,0,42.2,11094.94
824,15474.52,22.2,0,56.7,17495.76
825,8122.18,95.8,1,43.8,10908.29
826,11430.97,16.2,0,55.4,14452.86
827,14492.16,9.5,0,53.7,17040.53
828,10921.19,52.0,1,58.4,13040.75
829,10164.39,66.4,0,51.1,12890.91
830,15001.88,107.2,0,65.2,17105.67
831,10389.14,83.1,1,54.2,13327.02
832,12013.05,53.3,0,52.6,16374.98
833,8875.74,25.2,0,52.9,12101.16
834,12013.46,26.7,1,50.1,14274.26
835,12604.44,85.0,0,46.5,15682.73
836,14476.09,42.3,1,68.6,15340.86
837,14188.45,51.6,0,48.7,14952.24
838,14102.78,50.2,1,55.8,15028.65
839,20397.81,87.4,1,63.4,20004.43
840,13451.04,97.5,0,46.2,15515.47
841,14496.31,21.3,0,53.7,16982.24
842,14605.19,3.0,0,59.1,16506.9
843,11044.27,55.1,0,55.1,11373.72
844,16132.81,4.2,1,62.8,17998.5
845,8715.45,47.9,1,56.1,14015.67
846,11868.24,53.7,1,58.9,14299.21
847,8884.96,104.6,0,45.4,11921.56
848,14781.35,42.5,0,49.1,16985.93
849,10917.6,48.4,0,47.3,12207.49
850,7883.34,59.1,0,39.1,11239.74
851,10426.4,88.5,0,50.5,12961.12
852,8856.61,59.9,1,56.8,12255.31
853,11613.72,62.0,1,58.9,14714.62
854,15269.33,31.0,0,46.0,16149.68
855,13539.24,13.0,1,64.9,15923.07
856,15652.52,55.7,0,57.7,16751.4
857,15044.96,13.0,1,60.7,15253.15
858,10038.98,70.7,1,53.7,13665.35
859,13519.46,109.1,1,71.7,16883.68
860,8364.29,40.3,1,54.0,11211.75
861,14074.56,56.3,1,60.1,17175.89
862,11680.51,40.9,0,47.0,13988.34
863,12753.08,76.0,0,53.8,13790.89
864,12997.71,80.5,1,57.1,15504.74
865,13508.03,67.9,1,51.0,15466.56
866,9598.95,88.7,0,48.0,11183.8
867,12799.34,147.1,1,59.7,14454.65
868,6946.83,35.3,0,42.6,8943.46
869,9649.46,68.1,1,63.2,11778.26
870,10967.67,84.5,0,52.3,13996.76
871,8706.11,45.1,1,57.7,12519.92
872,10351.7,45.2,0,52.6,12936.3
873,14250.95,73.2,1,72.4,16585.79
874,11973.97,124.3,1,54.8,15528.58
875,18773.79,48.6,1,57.7,19308.95
876,13732.56,20.4,0,55.7,15256.44
877,11419.34,61.1,0,47.7,12993.23
878,10244.64,37.0,0,51.6,11521.16
879,8979.25,35.9,1,55.9,12235.59
880,8183.59,15.5,1,49.8,11058.44
881,14318.16,75.2,0,58.2,14646.86
882,10374.0,28.3,1,60.6,12793.09
883,9659.3,42.6,0,51.5,13595.85
884,12749.98,40.4,1,64.2,15877.88
885,12663.63,27.4,0,53.3,15521.61
886,8244.54,162.5,0,47.2,10570.69
887,11140.71,51.4,0,50.5,13609.75
888,9499.1,39.1,1,54.5,12402.96
889,15734.1,4.7,1,66.0,17825.42
890,13616.47,121.6,0,52.4,14739.59
891,12119.69,89.4,1,59.4,16075.09
892,10964.41,22.1,1,58.2,15526.68
893,7530.56,43.2,0,46.5,10125.29
894,12309.17,35.0,0,54.5,15007.92
895,12515.82,64.2,1,57.8,15445.97
896,9151.88,52.5,0,46.4,12915.58
897,11400.94,55.4,0,52.0,13418.59
898,15730.43,9.3,0,54.5,18051.21
899,10205.29,99.0,1,46.4,13445.61
900,15687.37,49.0,1,50.6,17405.99
901,15936.37,53.6,0,48.2,16622.19
902,8699.39,100.0,0,57.2,13528.23
903,12312.54,34.3,1,63.4,14980.6
904,15351.45,48.5,1,58.7,18591.21
905,12598.31,61.0,1,55.6,15416.79
906,16499.79,90.6,1,62.7,18056.57
907,11822.81,31.6,0,54.3,14373.38
908,12351.82,12.6,1,54.6,14077.5
909,11151.83,14.1,0,48.6,12683.96
910,14787.86,86.7,1,56.0,17054.79
911,15206.49,107.4,1,65.0,19999.08
912,11107.12,12.3,0,45.0,12867.34
913,14778.1,101.9,1,61.8,15967.51
914,9852.43,24.7,0,56.6,11509.53
915,9356.29,180.0,0,53.9,12575.41
916,14577.82,64.5,1,65.0,15914.35
917,7101.53,84.5,0,43.0,11165.56
918,11035.32,18.1,0,54.4,15138.88
919,12536.45,75.7,0,49.4,13713.48
920,16503.69,18.8,0,60.4,18477.88
921,10042.14,16.9,0,54.5,12547.98
922,10843.0,67.3,1,48.9,13912.76
923,12034.01,34.9,0,47.0,13601.61
924,9461.21,161.5,1,53.8,13252.35
925,9289.88,32.2,0,48.4,10330.09
926,11091.17,72.5,0,42.9,12803.58
927,6950.99,88.4,0,52.0,11040.37
928,14474.83,38.7,0,57.9,15136.07
929,10813.82,41.2,0,39.2,11190.49
930,10883.03,39.5,0,49.2,13128.13
931,6804.01,40.7,1,56.6,10861.74
932,6491.18,40.7,0,36.8,10035.18
933,12120.98,102.2,0,53.0,15017.77
934,13141.36,97.1,1,58.1,14435.44
935,13583.53,61.8,1,51.8,17493.09
936,11790.55,43.2,1,53.6,14755.18
937,14056.47,39.3,0,54.5,15007.04
938,17082.66,33.2,0,55.6,18414.01
939,11087.99,51.2,1,59.7,13146.0
940,9581.16,67.1,1,53.5,13450.13
941,12237.63,63.7,0,52.3,14652.48
942,10470.15,27.2,1,50.4,13117.68
943,11257.93,165.3,0,45.1,13121.77
944,14836.34,45.0,1,67.5,17145.09
945,13453.73,42.9,0,44.3,15364.4
946,12952.27,127.7,0,42.1,15173.46
947,12734.68,84.5,0,45.9,14628.69
948,10348.39,20.7,0,58.4,13050.74
949,14205.11,35.2,0,58.7,15782.85
950,14338.78,10.3,1,62.2,16469.56
951,14053.37,78.8,1,51.8,15676.23
952,13137.38,38.3,0,52.3,14834.65
953,13840.15,47.5,1,61.7,16548.74
954,12811.57,92.6,1,53.3,15576.83
955,11581.07,29.3,0,50.3,13350.75
956,13499.36,34.3,1,67.3,16335.39
957,13969.27,66.8,0,52.1,16183.4
958,9740.99,30.6,1,49.8,10898.26
959,13518.87,32.7,0,52.9,15730.65
960,8792.42,35.7,0,41.2,11201.07
961,11001.29,40.5,0,62.6,14872.68
962,12474.05,115.5,0,49.2,12353.87
963,14754.53,36.8,1,66.5,16937.89
964,17813.59,39.2,1,69.2,20091.23
965,11083.15,49.3,1,45.1,13067.78
966,17362.47,39.9,1,61.2,18643.05
967,10553.64,60.9,0,43.7,12679.38
968,16020.32,26.8,0,52.7,17528.83
969,8512.5,27.0,1,46.6,11358.25
970,12243.37,47.1,0,51.4,14364.11
971,17836.39,67.6,1,57.1,18632.22
972,11452.95,59.2,1,56.8,13889.59
973,14470.29,21.5,1,46.6,18025.64
974,13397.22,60.4,1,54.5,16525.74
975,7686.04,60.9,1,56.8,12450.91
976,13616.16,30.7,0,51.6,18153.36
977,12813.15,24.1,0,54.4,15961.09
978,13589.09,102.5,1,51.9,15740.11
979,5521.85,48.3,0,43.9,7127.57
980,13400.36,108.5,0,54.6,13721.57
981,10364.11,18.8,0,55.0,11240.07
982,10692.89,64.4,0,56.3,13060.42
983,10486.51,69.5,0,54.8,12505.67
984,15338.17,29.0,1,75.8,18588.74
985,8994.35,68.8,0,41.7,10362.08
986,12094.96,44.1,0,47.3,13086.83
987,12473.81,51.7,1,58.8,14951.25
988,7290.32,66.9,0,40.0,8994.07
989,10886.26,36.0,1,54.3,13759.71
990,9981.92,65.4,1,55.2,13297.3
991,12137.38,9.6,1,55.3,15094.89
992,14223.06,101.4,0,49.6,14374.54
993,13716.84,15.3,0,43.9,13861.45
994,11148.73,23.2,1,46.1,11937.26
995,12759.27,19.3,1,60.3,13322.68
996,13308.56,16.2,0,53.0,16031.4
997,9797.45,32.4,1,46.8,14941.78
998,18663.4,43.4,0,50.1,19072.86
999,9664.93,30.9,1,55.6,13369.85
1000,7798.15,18.9,0,54.3,11802.12
1001,6584.75,79.5,1,40.1,9064.94
1002,11814.44,69.4,1,50.2,13001.14
1003,15850.9,16.5,0,52.9,17534.22
1004,13296.78,76.9,1,48.6,13957.63
1005,14364.43,27.9,1,59.6,17056.85
1006,12544.97,15.3,1,58.4,14455.07
1007,14607.95,64.1,0,46.4,15667.55
1008,15059.74,38.3,1,58.1,16698.49
1009,6599.8,39.1,1,58.9,10971.53
1010,12681.54,29.9,1,59.7,14617.23
1011,14945.35,46.6,1,64.7,17876.25
1012,10097.86,22.3,1,48.9,12462.74
1013,13419.3,28.0,1,55.6,16170.31
1014,13076.44,73.3,1,60.4,16176.16
1015,10285.72,94.8,0,53.4,13014.01
1016,14904.42,36.8,0,52.6,15657.15
1017,12462.53,123.3,0,55.0,12195.08
1018,11500.69,36.1,0,45.3,11621.24
1019,14960.68,75.3,0,62.3,18307.81
1020,10399.77,37.9,0,52.1,12948.62
1021,11446.02,90.4,1,61.1,13949.55
1022,13514.54,37.2,1,64.9,17010.78
1023,7598.69,29.1,1,53.3,11886.3
1024,10897.58,128.3,1,52.1,14683.58
1025,8301.05,39.7,0,59.7,11599.05
1026,10142.8,57.6,0,48.5,12291.28
1027,13527.22,73.1,1,67.5,15270.26
1028,17321.52,127.8,1,63.3,20159.53
1029,11803.26,180.0,1,67.8,17801.54
1030,9956.01,33.3,0,51.3,11496.72
1031,9459.51,46.4,0,55.5,12750.29
1032,14781.41,58.0,0,45.6,16076.44
1033,10097.42,18.8,1,51.0,13863.79
1034,13123.64,58.3,1,61.2,14887.74
1035,14615.12,50.7,1,59.5,16331.71
1036,11079.89,65.1,0,49.6,13940.82
1037,14154.48,52.9,0,47.0,14652.0
1038,9771.91,120.6,1,53.8,13226.46
1039,14657.31,119.5,0,57.7,15447.75
1040,14485.31,51.3,0,49.5,15610.63
1041,9861.66,45.8,1,53.1,11698.21
1042,11813.11,27.1,0,58.4,13736.15
1043,9166.9,85.8,1,51.4,10918.84
1044,17633.35,26.4,1,62.8,18635.4
1045,13141.3,51.6,1,53.3,13709.97
1046,14208.83,62.4,1,57.8,15992.61
1047,7438.45,75.7,0,51.2,9292.7
1048,12133.5,15.5,0,60.0,13806.33
1049,9472.43,23.7,1,54.8,14950.67
1050,12677.28,37.9,1,44.0,14651.28
1051,11133.74,41.4,0,49.8,12657.07
1052,18482.35,44.6,0,58.9,20171.49
1053,15357.29,31.6,0,51.3,17273.39
1054,11274.46,86.7,0,50.1,13424.24
1055,8364.41,69.2,0,41.4,10660.52
1056,12498.62,83.7,1,65.9,14805.07
1057,10594.28,62.8,0,50.7,11897.43
1058,13128.41,56.7,0,46.6,14827.37
1059,9405.54,30.0,1,53.5,12986.34
1060,7334.34,42.0,1,52.3,9692.38
1061,10281.13,62.8,1,54.1,13837.82
1062,9249.95,57.3,0,44.3,11769.88
1063,10109.91,42.1,0,42.9,12192.66
1064,9592.12,79.7,0,36.2,10541.45
1065,13758.22,80.9,0,53.3,18093.52
1066,14285.21,38.6,0,55.3,15821.95
1067,11559.76,56.5,0,57.2,14149.87
1068,13410.98,29.1,0,54.9,14523.43
1069,12859.57,65.3,1,63.0,16441.34
1070,15173.7,74.2,1,52.6,15630.96
1071,7928.9,62.1,1,53.2,11719.19
1072,7010.47,20.7,1,58.0,12142.35
1073,9228.48,61.2,1,43.8,10748.65
1074,11220.54,35.3,0,49.6,14934.78
1075,11336.23,13.4,0,53.6,14562.2
1076,14795.86,64.0,0,64.2,18255.22
1077,10662.06,82.3,0,49.2,12592.42
1078,11331.93,147.1,1,53.4,15435.3
1079,11579.28,28.9,0,47.7,13883.3
1080,16003.13,18.9,1,57.9,17077.82
1081,12822.87,75.7,1,57.0,16530.51
1082,9729.64,13.6,1,52.3,13544.68
1083,13916.81,23.3,0,55.7,17674.66
1084,11991.29,35.0,0,41.4,13657.59
1085,9049.74,28.2,1,55.6,13090.61
1086,15630.75,71.1,0,58.4,17601.51
1087,11442.78,44.0,0,50.9,14135.6
1088,12250.14,64.0,1,62.2,14043.53
1089,8642.89,32.2,1,52.5,12193.19
1090,15240.93,48.7,0,51.9,16315.25
1091,10288.05,49.8,1,44.5,13008.1
1092,12517.13,35.1,0,51.7,13143.3
1093,13971.66,41.4,0,51.5,15908.9
1094,9127.33,128.4,0,46.6,11732.54
1095,9855.06,36.7,1,55.2,14855.8
1096,14405.83,54.8,1,61.5,17152.33
1097,11133.96,75.4,0,39.5,13548.97
1098,12510.93,90.8,0,44.9,14756.27
1099,15980.43,40.9,1,52.5,17981.09
1100,10809.35,83.6,1,49.8,13487.97
1101,15489.18,87.0,0,54.2,16806.92
1102,18376.12,35.4,0,59.3,18362.36
1103,10199.88,16.4,1,54.7,12721.28
1104,13864.39,34.1,0,51.1,15584.32
1105,12371.64,72.7,1,52.8,15057.28
1106,15516.76,41.9,1,59.8,16499.56
1107,9847.03,69.7,1,53.5,14084.51
1108,11641.44,50.9,0,48.4,12498.15
1109,8612.44,77.0,1,59.0,12805.14
1110,11251.05,43.8,1,48.2,11918.32
1111,14350.98,19.4,1,63.8,16419.12
1112,13765.27,40.6,1,60.7,15488.87
1113,12804.82,64.5,0,48.7,14270.92
1114,9455.49,22.1,0,44.3,10816.86
1115,3737.59,16.3,0,38.4,5347.59
1116,10494.93,38.2,0,48.4,13208.61
1117,13059.2,23.3,0,39.7,14678.54
1118,12311.11,103.0,0,53.4,14226.95
1119,13353.26,27.6,1,49.5,15305.16
1120,11655.63,19.5,0,51.5,12442.39
1121,12905.73,37.5,0,48.6,14937.69
1122,7055.44,65.1,1,44.0,10099.22
1123,13180.12,77.5,0,50.8,15613.31
1124,12496.59,75.5,1,56.5,14313.2
1125,10920.88,54.6,1,52.0,12588.42
1126,9874.52,33.8,0,42.0,11326.59
1127,10622.33,36.2,0,38.3,11878.81
1128,12676.68,45.3,0,41.6,13901.46
1129,10459.37,48.2,1,52.0,12840.04
1130,12485.36,32.3,0,57.7,14026.64
1131,10274.6,54.8,0,44.6,11697.03
1132,12288.93,36.3,1,55.3,14494.59
1133,14138.54,23.1,1,57.1,15559.65
1134,15769.33,39.1,0,49.6,16129.93
1135,11674.08,35.7,1,56.9,13533.14
1136,9482.58,28.7,0,52.0,12055.02
1137,14372.43,61.8,0,59.6,17193.96
1138,12566.83,57.2,0,43.7,14541.26
1139,13969.39,34.8,1,67.1,17056.96
1140,8100.39,131.6,1,58.0,13410.72
1141,10512.08,39.8,1,59.4,12761.69
1142,8007.95,34.4,0,47.7,11644.4
1143,16545.47,100.2,1,59.1,17624.26
1144,12535.44,47.7,1,56.8,14681.57
1145,12246.14,27.3,0,48.5,14103.04
1146,11006.23,10.4,1,55.1,13659.64
1147,11078.44,64.4,1,49.8,12976.43
1148,10626.76,39.6,1,53.1,12433.51
1149,12238.64,24.6,1,52.4,15248.51
1150,13369.97,21.0,1,52.5,13522.47
1151,8659.83,31.4,1,50.7,12837.32
1152,8757.66,51.6,1,54.6,12134.27
1153,9971.08,6.7,1,47.4,13428.22
1154,11665.45,28.4,0,52.8,13413.3
1155,14155.86,46.8,1,58.4,15033.32
1156,11353.93,73.8,0,52.0,13750.26
1157,12483.82,16.6,1,62.8,14889.97
1158,13574.09,18.4,1,54.8,16151.91
1159,14222.23,59.5,1,64.6,16248.78
1160,13409.78,30.5,1,62.1,17142.13
1161,12205.67,34.6,1,52.0,15423.79
1162,15301.5,116.8,1,60.8,16995.92
1163,11462.74,27.0,0,52.0,13548.61
1164,10612.54,54.0,0,47.6,12312.2
1165,11483.87,36.7,0,59.0,14278.49
1166,10062.28,10.9,1,64.7,13873.95
1167,14918.76,38.4,1,55.5,16880.15
1168,15795.98,18.0,1,61.9,17207.29
1169,10481.92,18.4,0,48.6,11506.1
1170,12479.55,22.7,0,45.8,13446.32
1171,15836.59,168.8,1,62.8,17245.17
1172,10726.28,53.8,0,57.7,13435.4
1173,15142.52,27.2,1,58.0,18132.61
1174,15449.95,57.6,1,67.8,17161.67
1175,16516.87,19.0,1,60.8,18135.54
1176,12040.08,47.6,0,48.4,13539.48
1177,12059.96,12.9,0,51.0,13564.08
1178,11840.53,13.0,0,47.3,14358.48
1179,11399.96,42.3,0,55.4,13040.78
1180,13821.88,25.4,1,55.2,15122.98
1181,8939.04,73.1,1,46.2,13045.25
1182,13827.83,28.6,1,54.3,14705.0
1183,10577.58,30.0,0,46.7,12328.07
1184,12779.03,43.3,1,66.0,17316.75
1185,10008.43,63.3,1,58.2,14146.03
1186,9967.33,58.6,1,54.6,13077.08
1187,12756.41,4.4,1,60.1,16132.47
1188,14853.4,30.6,1,58.4,16900.5
1189,13902.9,24.0,1,52.9,15665.71
1190,13950.09,32.2,1,62.2,15561.21
1191,9657.82,78.1,1,49.0,11503.57
1192,12115.56,30.9,0,49.4,13962.62
1193,17197.73,45.6,0,51.3,19568.0
1194,11902.09,111.8,0,51.0,13928.79
1195,11980.13,45.4,0,56.9,13607.2
1196,14798.48,94.7,0,53.5,15513.11
1197,7100.82,36.7,0,44.5,9658.34
1198,9217.47,98.4,0,46.3,13123.13
1199,16593.24,31.8,1,57.1,15856.47
1200,9978.6,33.3,0,51.2,11838.99
1201,8322.99,49.4,1,59.7,12707.25
1202,11533.63,43.1,1,58.7,16041.95
1203,9696.03,49.6,0,52.8,13232.62
1204,13196.44,51.0,0,39.3,14089.44
1205,12233.75,21.5,0,46.6,13617.37
1206,8221.65,47.2,0,43.4,10292.35
1207,12921.24,84.9,0,62.1,16367.84
1208,14106.58,48.3,1,53.6,16587.38
1209,9590.47,19.8,1,52.6,10150.94
1210,16726.09,112.2,1,60.6,18560.71
1211,6127.56,85.3,0,45.0,10078.59
1212,13389.49,98.2,1,55.5,14984.12
1213,17551.68,21.7,1,56.6,18426.94
1214,9875.22,71.4,1,47.9,11126.16
1215,12383.25,73.2,0,45.6,13792.96
1216,9672.77,51.0,1,60.6,14205.15
1217,12524.85,84.0,0,63.6,15361.67
1218,13025.97,27.8,0,47.9,13255.98
1219,12989.36,152.5,0,59.3,16084.9
1220,10091.91,48.3,0,45.5,12467.49
1221,15802.61,33.5,0,51.8,16926.51
1222,14676.75,74.5,0,57.1,13028.31
1223,11517.3,64.4,1,50.2,15518.34
1224,10164.55,13.2,1,56.7,13623.42
1225,9073.03,161.4,1,52.8,11779.12
1226,9543.33,23.7,0,43.8,12083.25
1227,11056.45,48.5,0,45.7,13822.84
1228,10291.27,105.2,1,59.4,13291.8
1229,9093.93,36.2,0,41.2,10149.71
1230,10321.35,38.8,0,48.4,13109.77
1231,15552.25,33.3,1,62.9,17672.58
1232,11279.76,60.1,0,58.2,13833.38
1233,9489.28,25.8,0,43.7,11475.68
1234,11205.7,39.4,1,59.2,14901.08
1235,8744.82,119.3,0,41.4,10978.78
1236,12508.42,41.9,0,45.4,13846.44
1237,11926.32,40.4,1,59.9,14302.18
1238,9563.94,82.3,1,53.3,12831.66
1239,11942.97,99.4,1,47.5,15117.09
1240,14002.98,42.1,1,57.7,16424.56
1241,11739.52,27.1,0,62.3,14185.7
1242,14434.03,76.0,1,52.8,17249.21
1243,9808.24,64.3,0,46.7,12838.0
1244,8387.79,38.6,1,53.4,12569.16
1245,10578.54,96.4,1,56.7,13818.95
1246,12547.92,25.8,1,66.3,14693.86
1247,14387.37,94.6,1,65.0,16710.87
1248,13089.31,23.5,1,53.9,15645.68
1249,14886.48,31.6,1,56.1,17605.72
1250,16565.11,40.4,1,58.4,18038.87
1251,10683.9,43.5,0,49.1,11636.97
1252,13103.14,154.2,0,44.3,15181.68
1253,17274.17,97.2,1,60.5,17487.75
1254,14228.06,73.9,0,55.0,15760.07
1255,11734.41,50.6,1,50.8,13662.57
1256,13049.05,38.7,1,52.1,15189.25
1257,12791.59,15.2,1,51.3,14041.94
1258,13041.6,24.2,1,53.0,13610.38
1259,12230.09,61.4,0,43.4,13981.44
1260,12434.69,40.5,1,56.3,15718.84
1261,16982.38,10.2,0,55.6,17496.23
1262,8116.52,59.7,1,49.5,10685.86
1263,11741.88,132.5,0,45.4,13238.29
1264,8733.86,48.5,1,57.0,15280.21
1265,10672.64,95.7,1,56.3,14399.3
1266,13217.67,86.8,0,48.9,14717.58
1267,13602.57,62.3,1,53.6,15686.98
1268,11052.72,40.2,0,47.9,14119.87
1269,14792.71,69.5,0,38.2,16593.03
1270,10077.4,51.7,0,56.7,13435.13
1271,12895.5,15.8,1,61.0,15362.65
1272,13516.4,20.6,1,53.4,16108.59
1273,8493.83,42.5,1,59.6,12777.95
1274,11530.47,24.3,1,50.2,12451.66
1275,13953.48,86.1,0,61.6,15902.27
1276,16242.51,98.6,0,56.8,17600.63
1277,9549.09,88.4,0,55.8,13692.22
1278,12250.96,58.3,1,45.0,15090.27
1279,12947.84,13.0,0,46.5,13880.85
1280,13419.28,79.7,0,46.3,15874.06
1281,11955.18,61.6,1,54.0,13721.61
1282,12623.4,79.8,1,56.2,14258.91
1283,9927.31,46.9,1,61.5,12947.67
1284,14576.53,78.7,0,51.7,15994.81
1285,15480.79,34.5,0,53.1,15954.07
1286,10161.18,15.8,0,45.5,11563.96
1287,11356.78,63.9,0,50.7,13595.76
1288,11570.51,95.9,1,55.2,14326.61
1289,10229.75,58.8,1,53.9,12944.64
1290,12150.42,101.3,1,61.0,14793.16
1291,11940.05,15.2,1,47.2,13954.57
1292,9839.44,53.6,1,53.7,14227.42
1293,15363.69,70.3,0,45.0,15829.47
1294,11620.9,57.1,1,59.5,13815.17
1295,12936.21,91.9,0,54.9,16296.02
1296,11219.67,107.4,1,60.0,13980.5
1297,11054.82,39.2,0,46.3,11804.13
1298,16721.51,38.7,1,62.6,18143.53
1299,11348.96,56.2,1,52.6,12904.29
1300,14685.03,75.6,1,60.3,14640.14
1301,8767.21,26.7,0,42.8,11506.44
1302,15087.94,115.1,0,56.4,14651.14
1303,8173.75,24.5,1,59.4,12503.19
1304,13705.34,53.6,0,54.4,16012.25
1305,9256.52,38.7,0,49.5,11660.31
1306,17527.23,48.8,0,55.7,17446.25
1307,15479.92,97.4,1,61.5,17003.87
1308,12190.03,44.2,1,48.7,15579.51
1309,10695.22,23.1,1,53.5,12392.36
1310,10852.2,34.5,0,48.5,12018.24
1311,12797.03,31.4,1,59.6,14971.76
1312,10780.3,61.2,0,48.1,13584.32
1313,12544.98,51.5,0,41.6,13600.55
1314,12183.02,25.9,0,45.4,13421.38
1315,10653.79,115.8,1,40.9,13349.92
1316,12359.29,29.3,0,55.5,15543.45
1317,9965.94,42.5,1,54.2,12058.09
1318,12802.99,20.9,0,56.9,14616.61
1319,6473.73,27.7,0,52.1,9341.42
1320,13850.18,50.6,1,43.9,15328.67
1321,8022.31,58.4,0,36.6,11043.7
1322,12241.63,58.8,0,49.6,13002.69
1323,10664.8,17.5,1,57.8,14700.76
1324,10194.46,116.9,0,45.3,11339.45
1325,11540.94,27.2,0,44.6,12487.6
1326,11172.8,34.1,1,56.1,12910.82
1327,11937.69,72.8,0,47.1,13164.7
1328,12996.47,34.8,1,62.5,13630.07
1329,15032.93,38.5,0,50.9,16372.59
1330,13844.92,21.6,1,61.8,17269.79
1331,8156.05,88.1,0,46.7,11992.98
1332,11953.55,43.7,1,60.3,16668.3
1333,17057.62,44.0,0,61.6,17858.72
1334,10900.32,25.1,0,48.2,12899.05
1335,14728.97,39.0,0,44.6,16486.67
1336,7200.8,55.0,1,54.9,11950.6
1337,8133.66,27.6,0,46.7,10727.22
1338,11707.04,27.4,1,62.7,15170.71
1339,15365.91,60.3,1,61.4,17017.41
1340,9311.4,7.8,0,37.5,9878.91
1341,11271.71,70.6,1,66.5,15064.97
1342,15011.16,84.1,1,43.7,16061.7
1343,12045.93,37.2,0,54.9,14907.25
1344,9722.45,179.6,0,50.5,11378.81
1345,11171.99,34.5,0,54.4,13934.11
1346,13266.6,6.3,0,47.1,16792.01
1347,15568.8,45.6,0,50.4,17797.15
1348,11748.05,65.0,1,53.1,14793.67
1349,12202.06,23.8,1,65.0,16078.31
1350,10856.76,57.2,0,54.2,12915.04
1351,13578.91,96.0,0,54.6,15579.35
1352,13832.95,103.3,1,55.0,15036.69
1353,13926.71,27.5,0,46.5,13958.21
1354,15766.48,79.5,0,55.1,16938.51
1355,12230.59,158.4,0,46.0,13020.65
1356,9797.19,17.2,1,51.3,13135.66
1357,11490.39,33.0,0,55.9,12712.7
1358,11398.3,89.9,0,49.6,13318.84
1359,14439.3,57.3,0,60.8,17082.23
1360,10513.68,21.4,0,55.9,13338.17
1361,9289.3,39.8,1,52.8,12372.66
1362,12331.93,39.5,1,50.9,15486.92
1363,12060.79,108.8,0,48.6,14108.81
1364,12198.61,70.1,1,56.1,14617.23
1365,7647.14,53.7,1,62.2,12774.35
1366,11090.69,17.6,1,53.6,12758.42
1367,15624.09,13.2,1,56.3,18331.67
1368,9797.97,28.0,1,58.9,13681.26
1369,13445.38,57.0,0,58.8,14869.39
1370,10384.57,38.5,0,46.1,13458.94
1371,14383.36,139.3,1,51.0,14925.8
1372,13774.76,43.3,1,54.5,15670.37
1373,6829.9,32.0,1,42.7,10573.02
1374,8804.02,17.7,0,45.7,12193.39
1375,12647.51,48.3,0,55.7,14656.2
1376,13788.11,59.1,1,51.7,15606.29
1377,12757.01,34.5,1,55.5,14055.74
1378,8309.16,79.0,1,51.1,12043.45
1379,9235.25,65.1,0,50.2,11331.72
1380,11462.34,48.1,0,56.7,13924.27
1381,13777.03,49.2,0,55.9,16891.97
1382,13444.68,41.6,0,45.3,14243.91
1383,14738.61,19.0,0,48.4,14616.83
1384,11310.23,23.1,1,67.2,13866.02
1385,15357.65,78.6,0,58.8,17770.67
1386,5889.06,90.9,0,41.2,9732.19
1387,10503.88,79.5,0,39.6,12431.53
1388,9868.98,103.6,1,51.2,14783.65
1389,10874.56,12.2,1,48.1,13432.51
1390,8305.64,58.6,0,51.7,11040.55
1391,11455.59,123.4,1,54.1,15096.83
1392,16215.86,57.5,1,59.9,16513.34
1393,6023.68,62.2,1,46.6,11192.64
1394,12567.47,63.0,0,58.3,14792.66
1395,7354.83,173.1,0,43.5,10800.1
1396,10083.71,21.6,0,52.7,12549.22
1397,14265.04,35.0,0,57.2,16716.9
1398,14586.29,12.0,1,62.7,15970.27
1399,11655.49,64.3,1,54.1,13082.51
1400,10861.08,19.1,0,49.2,12844.1
1401,12785.48,30.2,0,57.3,13550.09
1402,8790.72,73.3,0,43.6,10965.54
1403,11697.17,28.0,1,55.0,14440.16
1404,11466.84,39.3,0,43.8,15382.54
1405,7418.03,54.6,1,42.7,12726.75
1406,12771.31,62.4,1,54.6,14559.0
1407,13842.99,66.9,0,52.4,15746.39
1408,14916.2,41.9,1,63.9,19161.66
1409,9033.88,25.1,1,62.8,13195.39
1410,16000.69,83.4,0,47.0,16971.03
1411,10218.04,10.2,1,52.9,14582.28
1412,10605.58,33.1,1,60.8,15250.84
1413,15850.7,33.5,1,62.8,17123.72
1414,11323.86,52.3,1,49.5,14909.45
1415,8875.39,83.5,0,46.2,11639.74
1416,12024.74,65.6,1,56.7,14615.16
1417,15375.65,54.8,0,52.6,18086.09
1418,12386.56,58.4,0,57.9,14422.64
1419,12559.74,67.7,0,42.5,13398.69
1420,13590.12,35.1,0,53.9,15688.2
1421,10721.3,36.9,0,61.1,14822.52
1422,11357.27,44.0,1,49.6,13325.03
1423,8485.62,23.1,1,55.3,10390.69
1424,14727.7,16.2,1,55.8,19286.33
1425,12353.21,73.4,0,58.9,15118.38
1426,15005.66,74.3,1,64.3,17415.34
1427,9052.33,59.3,0,46.3,12219.28
1428,8831.48,16.7,0,47.7,12790.2
1429,12481.32,35.2,0,46.1,12424.06
1430,13032.29,34.4,1,65.7,14874.66
1431,10913.14,58.1,0,51.6,13936.36
1432,18645.13,74.6,0,57.5,18528.58
1433,14870.48,36.4,0,54.1,16473.93
1434,12227.96,22.2,0,45.9,13351.68
1435,11911.22,19.6,1,52.7,14364.09
1436,13030.33,31.5,0,53.0,13983.47
1437,11951.33,20.9,1,61.9,13602.59
1438,11280.24,117.6,0,44.6,12965.8
1439,14761.51,79.7,1,61.6,17746.25
1440,7303.56,100.6,0,45.9,9240.19
1441,8078.3,10.2,0,53.2,9466.83
1442,11336.13,10.2,0,39.3,13431.94
1443,10305.85,54.4,0,46.7,12201.83
1444,11656.99,7.4,0,51.6,12552.53
1445,13265.32,21.3,0,60.1,14633.94
1446,13385.12,67.1,1,55.5,15956.18
1447,12371.36,86.4,0,45.2,13839.03
1448,10963.41,31.5,0,53.0,13582.45
1449,11407.13,23.2,0,50.0,14504.17
1450,11403.49,11.2,1,61.1,16022.89
1451,15531.88,136.8,0,46.9,16692.5
1452,14723.29,51.4,0,54.3,15991.27
1453,14286.03,57.2,0,49.8,15424.6
1454,10825.65,60.7,0,55.8,14256.34
1455,12122.42,39.3,1,51.5,11891.2
1456,14034.67,47.0,0,52.5,16329.49
1457,13087.03,74.6,0,54.2,14028.99
1458,13082.51,72.3,1,56.4,14947.42
1459,8802.53,107.9,0,44.2,11379.78
1460,12473.97,71.4,0,54.9,15271.84
1461,13025.69,40.8,1,52.6,15827.02
1462,10872.38,35.1,0,45.9,10852.94
1463,9031.86,17.3,0,49.2,11377.84
1464,12702.07,28.5,1,57.6,13998.64
1465,12130.14,113.2,0,48.4,14078.31
1466,14133.25,158.3,0,54.4,16695.5
1467,9974.73,78.4,0,49.3,14998.27
1468,12043.21,13.7,1,61.7,14191.26
1469,13366.58,27.7,0,49.6,14863.6
1470,13385.41,83.2,0,59.5,15992.16
1471,7470.43,105.3,1,43.7,9484.64
1472,9629.33,33.9,0,57.1,11846.3
1473,13656.97,35.0,1,51.1,16087.0
1474,10810.89,24.1,0,51.2,13983.74
1475,10406.41,71.0,1,54.5,13295.58
1476,10473.85,57.3,1,55.6,14262.92
1477,11753.85,48.7,1,45.7,13719.74
1478,14715.5,42.8,1,62.8,16933.81
1479,13689.13,15.7,0,50.2,14726.56
1480,10254.84,76.6,0,47.1,13121.79
1481,13622.65,40.8,0,59.0,16068.51
1482,10954.43,79.5,1,60.7,14468.13
1483,9676.48,39.3,1,53.9,11452.33
1484,10608.71,180.0,0,50.6,13520.85
1485,11122.6,91.9,0,45.6,13779.55
1486,14977.31,37.5,1,53.1,17767.78
1487,12160.25,34.9,0,47.7,15478.95
1488,12744.58,11.3,1,59.7,15791.72
1489,8491.36,89.7,1,56.5,11994.73
1490,13194.38,91.3,0,48.9,12724.08
1491,10597.29,29.1,1,52.1,12589.51
1492,17304.76,81.5,0,58.6,17913.62
1493,12087.74,39.2,1,55.5,13741.6
1494,8455.7,40.1,1,59.3,13016.46
1495,14574.26,41.1,1,55.5,17429.14
1496,15726.58,27.7,0,59.7,16310.0
1497,19915.05,32.0,0,57.6,19990.62
1498,12157.97,38.7,1,49.4,14935.04
1499,12470.41,60.6,0,49.6,12742.84
1500,12078.06,64.2,1,56.3,14560.27
1501,15867.87,65.5,1,65.2,16992.18
1502,16848.91,112.1,1,64.2,18509.65
1503,10444.86,48.2,0,55.6,12541.28
1504,10891.54,15.5,0,44.9,13083.59
1505,13141.77,43.3,1,47.3,14417.79
1506,11357.61,68.2,0,54.0,13280.38
1507,11865.27,76.2,1,51.9,14633.86
1508,12940.42,149.5,0,47.4,14737.38
1509,12501.3,56.1,1,59.2,14685.42
1510,6346.94,46.6,0,55.9,10833.96
1511,10967.79,68.2,1,51.2,14676.3
1512,8455.26,7.9,0,39.1,10712.52
1513,11833.48,7.2,0,48.7,14030.03
1514,11125.65,23.9,0,54.4,14031.08
1515,10474.58,40.4,1,48.2,13257.35
1516,11241.11,24.6,1,55.7,12537.98
1517,14405.96,33.0,0,50.2,15932.04
1518,14167.66,74.6,1,58.0,16538.73
1519,12845.75,76.7,0,58.0,15593.83
1520,18563.86,114.4,1,66.3,17918.89
1521,11913.31,66.3,1,54.4,15002.65
1522,14815.31,48.6,0,58.6,16577.71
1523,11825.88,102.6,1,53.8,13952.53
1524,8603.44,28.7,0,52.9,12514.43
1525,9810.04,53.4,1,59.7,13988.39
1526,16870.49,17.8,1,65.2,20076.28
1527,14060.48,23.1,0,49.9,15412.52
1528,15524.4,64.7,1,68.7,17219.81
1529,11264.29,52.2,0,49.0,14059.42
1530,14451.99,29.2,1,50.7,14722.41
1531,12740.41,180.0,0,39.6,14124.77
1532,11660.2,30.9,1,48.9,14783.12
1533,9831.19,88.2,0,46.2,12864.24
1534,13941.02,49.8,0,53.1,15667.21
1535,10369.98,105.0,1,52.2,13147.16
1536,12538.48,41.4,1,64.0,14692.88
1537,11610.36,46.7,1,60.5,15465.25
1538,6336.36,113.1,1,43.5,11203.78
1539,11627.74,50.8,1,58.5,14025.13
1540,13261.37,59.4,1,57.9,14723.42
1541,12449.49,30.9,0,43.2,14078.98
1542,14939.53,34.0,0,48.7,14318.48
1543,12750.36,48.3,1,52.5,14915.08
1544,10139.67,78.6,1,51.3,13446.35
1545,10369.8,42.9,0,40.6,12490.73
1546,12612.06,24.5,0,55.3,15288.61
1547,10921.24,47.1,0,51.0,14247.56
1548,10515.22,57.4,1,55.0,12301.68
1549,10522.66,41.9,0,49.6,13354.96
1550,13408.05,23.4,0,55.7,14202.44
1551,12496.27,51.2,0,40.6,14604.04
1552,13333.04,52.9,0,49.6,13995.6
1553,15910.32,37.6,0,54.2,16021.7
1554,4221.66,28.6,0,43.5,7305.15
1555,13924.92,56.8,1,59.2,18009.31
1556,16382.89,95.9,1,60.6,16885.07
1557,12392.38,33.1,1,47.6,14838.34
1558,11385.98,29.3,1,49.6,14896.57
1559,10492.18,9.8,1,47.5,13229.93
1560,12880.15,50.5,1,60.0,15633.56
1561,8394.79,3.2,0,43.6,11247.01
1562,13285.21,49.1,0,50.7,15947.24
1563,16250.97,48.3,0,46.4,16445.61
1564,7968.84,38.0,1,51.4,12309.51
1565,11636.43,19.9,0,51.1,14122.38
1566,12662.86,56.1,0,53.1,14196.77
1567,10998.93,21.2,0,60.5,14431.2
1568,12030.92,10.9,1,61.8,15160.09
1569,12240.37,43.6,0,43.7,13860.41
1570,11027.67,40.6,1,51.5,13301.37
1571,14265.08,67.6,0,52.3,14767.28
1572,10719.87,39.6,0,41.0,12147.06
1573,14953.14,59.7,0,49.3,17016.18
1574,11176.59,26.5,1,57.3,15350.31
1575,10008.19,55.5,0,58.3,10961.96
1576,10958.11,33.1,1,58.3,14166.86
1577,12045.12,70.5,0,45.1,14868.0
1578,13429.59,61.6,1,51.6,16721.66
1579,15734.99,34.3,0,46.3,15859.66
1580,13572.66,21.2,0,54.1,17306.79
1581,8984.69,33.4,0,50.3,11727.92
1582,9695.86,43.2,1,51.2,13684.89
1583,11620.7,28.5,0,53.2,13998.64
1584,12935.12,43.1,0,53.0,15862.73
1585,11795.24,47.0,0,57.6,12865.61
1586,15623.93,88.0,1,53.7,15580.4
1587,13606.16,66.1,1,64.9,15084.42
1588,10066.27,21.6,0,49.0,13021.93
1589,7966.63,57.9,0,50.6,13086.7
1590,10037.5,8.9,1,50.5,12920.12
1591,13002.48,35.8,0,53.1,15433.44
1592,9708.81,113.7,0,41.0,13249.65
1593,7744.66,100.4,0,43.4,11489.91
1594,9489.27,18.6,1,54.4,14822.95
1595,6145.84,50.8,0,51.1,8609.13
1596,16750.19,46.4,1,53.1,18229.28
1597,11455.93,16.3,1,57.9,15359.93
1598,10651.47,46.3,0,50.1,12799.02
1599,8767.95,124.0,1,49.6,11542.58
1600,10601.9,40.9,1,60.6,13634.1
1601,9511.12,19.8,1,60.4,14064.19
1602,11999.68,25.5,0,57.1,13935.86
1603,15422.41,93.3,1,60.1,17735.23
1604,16466.05,70.5,1,60.3,17594.04
1605,16481.43,70.4,0,61.4,18763.3
1606,11617.95,33.6,1,53.4,13738.54
1607,13670.24,17.2,1,56.4,14777.78
1608,14375.53,32.4,1,58.1,15561.93
1609,13860.26,167.7,0,41.0,14491.88
1610,8646.54,46.4,1,46.5,9942.66
1611,13075.16,16.2,0,52.1,14608.94
1612,16181.02,15.9,1,63.2,17538.7
1613,10515.27,46.2,1,49.0,13976.33
1614,13040.35,39.2,1,46.4,14684.14
1615,13620.4,32.4,0,58.8,17158.5
1616,9893.52,34.6,1,56.5,13568.82
1617,8383.44,33.8,1,48.5,11409.69
1618,9770.34,87.0,0,46.9,13389.29
1619,14015.74,42.1,0,45.3,15267.96
1620,12497.03,55.1,0,49.3,14885.36
1621,12087.86,58.5,0,41.3,13081.92
1622,12321.91,69.0,0,48.9,14778.53
1623,6046.19,59.5,0,45.7,8931.23
1624,9324.97,56.5,1,42.7,12661.58
1625,12009.0,78.9,1,60.4,13518.33
1626,9017.65,30.6,1,52.4,11135.94
1627,9416.09,32.7,0,38.6,10453.02
1628,12090.89,40.0,1,53.7,15190.3
1629,16316.85,69.1,1,51.3,17168.45
1630,12930.56,95.6,0,50.2,14786.54
1631,12053.25,45.1,1,58.1,14024.99
1632,11153.5,32.1,1,57.4,12715.3
1633,7468.47,78.8,1,42.3,8836.54
1634,9322.95,115.2,0,35.4,11528.27
1635,13697.64,31.3,0,45.8,16045.28
1636,11116.68,131.0,1,56.4,14020.52
1637,17952.75,28.0,0,56.9,18246.27
1638,7615.48,43.1,1,48.5,10035.18
1639,10282.72,53.1,0,45.7,12276.1
1640,13409.54,51.1,0,52.7,14588.23
1641,11212.77,29.3,0,43.3,13964.47
1642,11820.14,67.8,0,50.4,14551.7
1643,11453.91,81.6,1,52.4,14622.75
1644,11610.12,129.0,0,53.4,13770.67
1645,16034.51,7.8,1,60.1,16490.05
1646,6712.08,25.5,0,51.2,11433.0
1647,6499.22,34.2,1,49.1,11100.56
1648,13888.89,33.2,1,61.8,16007.48
1649,10393.9,24.3,1,49.3,11297.19
1650,15621.25,71.9,1,56.7,16499.21
1651,14071.08,56.6,0,49.9,16238.88
1652,11349.39,75.1,0,38.8,11679.79
1653,15507.83,85.5,1,62.9,15299.0
1654,12065.53,66.7,1,52.1,15624.62
1655,15125.94,61.6,0,60.3,16175.34
1656,15805.93,88.1,0,57.3,16025.15
1657,14271.18,73.8,0,50.4,15333.07
1658,11826.19,42.7,0,44.4,13539.95
1659,11182.36,104.5,1,57.7,14756.16
1660,12752.84,43.1,1,58.8,13761.04
1661,11286.27,39.1,0,49.0,12380.43
1662,15672.15,90.1,0,50.5,15354.84
1663,9754.95,32.1,0,54.2,13575.59
1664,12731.93,53.3,0,60.2,14055.44
1665,12068.09,29.6,0,55.1,13146.95
1666,11810.66,29.5,0,53.3,15096.6
1667,14388.47,123.6,0,58.8,15554.35
1668,12644.13,9.4,1,53.6,13747.95
1669,9625.91,77.9,0,44.8,10130.85
1670,11230.64,7.4,0,46.6,12622.57
1671,9542.51,48.1,1,52.7,13955.97
1672,10917.73,64.8,0,45.4,11119.39
1673,15466.63,99.6,1,60.1,16271.12
1674,14293.27,133.0,0,55.0,18289.82
1675,10346.7,13.9,1,58.3,12537.92
1676,12137.6,40.0,1,57.4,15335.11
1677,11899.88,42.5,0,51.6,14557.83
1678,13825.87,69.8,1,51.6,16683.45
1679,8891.23,120.1,1,48.4,12438.6
1680,9346.81,42.2,1,54.4,11757.69
1681,11863.42,41.6,0,53.6,14092.41
1682,11937.79,24.3,1,55.4,14649.17
1683,14941.68,45.4,0,49.4,14372.0
1684,12658.38,9.5,1,50.1,14315.93
1685,13176.24,62.6,1,46.4,15660.03
1686,9086.16,52.4,0,46.9,10585.25
1687,17466.55,42.8,1,61.3,18084.84
1688,14316.88,57.7,0,52.3,15783.34
1689,12619.7,31.3,1,56.0,15643.52
1690,9793.56,61.7,1,62.0,13008.77
1691,13317.91,71.0,0,58.0,14410.17
1692,9167.73,72.8,1,46.0,12019.63
1693,10056.91,49.3,0,46.7,11516.76
1694,7181.89,45.9,0,46.6,10690.48
1695,9447.91,65.3,1,58.0,12851.82
1696,10502.51,146.7,0,54.5,13875.96
1697,8841.79,61.4,1,62.1,12641.07
1698,8926.23,64.7,0,51.0,11299.05
1699,14791.69,131.9,1,53.9,17124.87
1700,12765.68,32.9,1,56.3,15641.8
1701,17513.67,40.1,1,48.0,16468.55
1702,11058.44,59.3,0,54.2,13332.82
1703,11788.77,101.8,1,52.6,12643.48
1704,6324.31,71.3,1,53.2,10964.02
1705,11234.47,73.9,0,45.5,13391.74
1706,11185.03,12.4,1,43.9,13773.16
1707,12599.46,35.9,1,64.4,14270.19
1708,13306.12,63.3,1,53.3,14414.87
1709,15205.65,14.2,0,56.2,14667.37
1710,6764.72,72.9,1,42.1,10541.07
1711,13869.42,53.4,0,51.3,15265.87
1712,9530.97,21.2,0,40.2,11905.22
1713,9040.53,37.1,0,53.3,12808.15
1714,10810.81,49.8,1,58.2,12333.66
1715,10079.74,83.4,0,55.1,12186.99
1716,13735.89,169.1,1,67.7,17038.76
1717,15745.0,29.5,1,53.7,18040.03
1718,12298.07,44.1,0,60.6,15065.19
1719,12682.22,82.2,1,55.3,14640.76
1720,13059.67,57.3,1,62.2,15799.32
1721,15707.23,61.4,1,57.3,17276.74
1722,14248.92,66.2,1,54.5,16810.47
1723,12520.6,43.4,1,55.3,15799.76
1724,9593.86,55.9,1,66.7,14626.45
1725,10817.46,50.0,0,47.1,12321.96
1726,9997.2,64.4,0,51.9,12187.46
1727,12623.38,25.5,0,56.5,14349.03
1728,16253.04,79.5,0,46.2,17657.11
1729,16592.01,67.3,0,52.0,16209.65
1730,13441.24,24.6,1,50.0,15243.75
1731,12732.45,57.9,1,66.7,16312.98
1732,10131.25,34.5,0,55.0,12345.26
1733,14136.12,48.6,1,55.8,16059.08
1734,8819.0,22.6,0,46.2,11083.38
1735,12568.02,49.8,0,45.9,13742.65
1736,10562.75,50.2,0,50.7,13552.38
1737,10998.81,73.7,0,48.7,10944.46
1738,15569.08,114.6,0,44.5,15703.54
1739,13516.59,70.2,1,62.8,15707.29
1740,6616.86,67.2,0,44.9,9105.82
1741,12862.89,44.3,1,60.0,16396.59
1742,10768.56,32.0,1,58.8,15319.45
1743,10314.6,41.4,0,55.1,13445.13
1744,13779.45,12.4,0,53.2,17087.54
1745,11052.99,26.0,1,55.9,14367.2
1746,12985.89,109.1,0,51.4,12465.69
1747,7520.33,37.6,1,48.6,9732.49
1748,13125.97,24.1,0,50.9,16685.7
1749,12202.32,12.3,0,52.4,14863.2
1750,16928.53,25.4,0,56.1,16319.59
1751,9696.64,36.6,1,57.6,12335.57
1752,10009.68,55.9,0,36.9,12982.3
1753,7225.6,53.9,0,47.0,10739.98
1754,11199.35,58.5,1,62.6,13309.23
1755,15628.65,35.2,1,49.2,15583.14
1756,15059.39,75.4,0,51.3,15155.06
1757,12797.69,18.9,0,41.9,13368.74
1758,9605.01,107.4,1,60.9,11450.76
1759,13733.46,40.5,1,59.9,15243.39
1760,10413.95,10.9,0,47.1,12654.07
1761,8211.38,24.0,1,58.5,11023.85
1762,7435.97,87.7,1,56.2,12009.18
1763,10870.12,72.5,0,51.3,13086.99
1764,12548.34,88.3,0,55.6,13949.08
1765,12310.15,40.4,1,55.5,14773.56
1766,14066.66,38.9,1,65.4,17428.96
1767,8877.11,94.6,0,51.0,11653.04
1768,11970.41,43.5,0,57.8,15002.1
1769,14706.98,88.2,0,54.7,17079.91
1770,9110.77,8.9,1,56.2,14365.08
1771,12850.13,42.5,0,49.7,14898.06
1772,14042.6,98.2,0,42.2,14631.2
1773,11899.72,28.3,0,43.6,13639.53
1774,10916.93,54.9,1,58.4,15202.46
1775,10043.0,27.4,1,56.2,12687.15
1776,14040.28,177.5,1,62.4,15959.84
1777,10613.95,42.7,0,38.0,12583.25
1778,12081.47,67.4,0,45.3,15004.77
1779,12712.06,48.7,1,58.7,16179.15
1780,12780.34,32.9,0,49.9,14605.39
1781,10564.29,49.4,1,60.4,13750.52
1782,8478.52,97.3,1,56.3,12351.5
1783,10639.37,107.5,1,54.6,13863.03
1784,13073.07,70.5,1,61.4,14500.53
1785,12333.0,20.8,1,61.1,14927.84
1786,10195.36,39.6,1,50.9,13062.3
1787,18513.35,74.8,1,62.4,18804.4
1788,15691.46,129.3,1,58.3,18020.56
1789,7939.84,10.8,1,52.4,11443.45
1790,13479.8,35.0,1,60.8,14897.37
1791,8679.64,53.4,1,54.6,12758.46
1792,11814.52,52.3,0,50.8,14210.75
1793,17621.91,93.1,0,61.9,19127.38
1794,10675.14,58.3,1,49.0,13375.42
1795,9352.92,14.3,1,52.1,12157.21
1796,6194.94,70.6,1,49.4,9406.59
1797,10394.45,46.5,1,53.8,13009.94
1798,14206.69,54.2,1,75.5,16652.79
1799,11633.51,72.7,0,52.8,14824.85
1800,11939.54,34.4,1,53.2,14510.38
