city,week,treated_now,orders
Austin,1,0,1122.8
Austin,2,0,1091.6
Austin,3,0,1088.3
Austin,4,0,1165.6
Austin,5,0,1116.7
Austin,6,0,1173.6
Austin,7,0,1129.0
Austin,8,0,1156.2
Austin,9,0,1138.3
Austin,10,0,1150.0
Austin,11,0,1145.0
Austin,12,0,1123.5
Austin,13,0,1110.9
Austin,14,0,1070.1
Austin,15,0,1032.9
Austin,16,0,1082.7
Austin,17,0,1050.7
Austin,18,0,1040.8
Austin,19,0,1010.9
Austin,20,0,1000.7
Austin,21,0,945.6
Austin,22,0,952.1
Austin,23,0,983.8
Austin,24,0,962.9
Austin,25,0,998.1
Austin,26,0,980.0
Austin,27,0,964.4
Austin,28,0,991.9
Austin,29,0,1046.3
Austin,30,0,1038.8
Austin,31,1,1313.5
Austin,32,1,1339.9
Austin,33,1,1351.6
Austin,34,1,1415.1
Austin,35,1,1417.4
Austin,36,1,1407.2
Austin,37,1,1432.0
Austin,38,1,1393.5
Austin,39,1,1415.2
Austin,40,1,1468.2
Austin,41,1,1387.2
Austin,42,1,1449.7
Austin,43,1,1403.5
Austin,44,1,1405.4
Austin,45,1,1379.9
Austin,46,1,1366.3
Austin,47,1,1334.3
Austin,48,1,1304.5
Austin,49,1,1305.9
Austin,50,1,1292.4
Austin,51,1,1276.0
Austin,52,1,1278.7
Denver,1,0,1128.2
Denver,2,0,1156.8
Denver,3,0,1154.8
Denver,4,0,1237.9
Denver,5,0,1132.2
Denver,6,0,1210.7
Denver,7,0,1182.2
Denver,8,0,1168.2
Denver,9,0,1180.5
Denver,10,0,1201.5
Denver,11,0,1145.5
Denver,12,0,1154.2
Denver,13,0,1150.5
Denver,14,0,1151.0
Denver,15,0,1081.0
Denver,16,0,1101.4
Denver,17,0,1078.0
Denver,18,0,1047.2
Denver,19,0,1051.6
Denver,20,0,1008.6
Denver,21,0,983.3
Denver,22,0,967.1
Denver,23,0,1007.0
Denver,24,0,956.0
Denver,25,0,1009.9
Denver,26,0,980.1
Denver,27,0,990.3
Denver,28,0,1008.3
Denver,29,0,1043.3
Denver,30,0,1050.1
Denver,31,0,1074.6
Denver,32,0,1090.4
Denver,33,0,1118.5
Denver,34,0,1145.4
Denver,35,0,1174.8
Denver,36,0,1185.2
Denver,37,0,1165.4
Denver,38,0,1180.1
Denver,39,0,1136.0
Denver,40,0,1227.7
Denver,41,0,1164.8
Denver,42,0,1222.9
Denver,43,0,1193.4
Denver,44,0,1167.3
Denver,45,0,1141.0
Denver,46,0,1148.7
Denver,47,0,1099.9
Denver,48,0,1090.7
Denver,49,0,1078.2
Denver,50,0,1044.5
Denver,51,0,1070.7
Denver,52,0,1091.9
Columbus,1,0,1202.6
Columbus,2,0,1256.9
Columbus,3,0,1275.4
Columbus,4,0,1317.5
Columbus,5,0,1368.1
Columbus,6,0,1374.2
Columbus,7,0,1311.3
Columbus,8,0,1392.3
Columbus,9,0,1417.0
Columbus,10,0,1364.6
Columbus,11,0,1399.7
Columbus,12,0,1300.8
Columbus,13,0,1372.7
Columbus,14,0,1306.9
Columbus,15,0,1279.5
Columbus,16,0,1258.6
Columbus,17,0,1199.7
Columbus,18,0,1164.3
Columbus,19,0,1170.6
Columbus,20,0,1156.8
Columbus,21,0,1135.5
Columbus,22,0,1114.3
Columbus,23,0,1137.1
Columbus,24,0,1148.4
Columbus,25,0,1219.2
Columbus,26,0,1180.2
Columbus,27,0,1238.4
Columbus,28,0,1213.6
Columbus,29,0,1232.4
Columbus,30,0,1240.4
Columbus,31,0,1314.6
Columbus,32,0,1320.7
Columbus,33,0,1397.8
Columbus,34,0,1406.2
Columbus,35,0,1412.4
Columbus,36,0,1448.2
Columbus,37,0,1428.5
Columbus,38,0,1448.7
Columbus,39,0,1476.6
Columbus,40,0,1491.7
Columbus,41,0,1434.0
Columbus,42,0,1406.7
Columbus,43,0,1371.3
Columbus,44,0,1382.3
Columbus,45,0,1303.0
Columbus,46,0,1327.1
Columbus,47,0,1256.7
Columbus,48,0,1250.9
Columbus,49,0,1267.2
Columbus,50,0,1195.7
Columbus,51,0,1104.6
Columbus,52,0,1126.3
Raleigh,1,0,1134.9
Raleigh,2,0,1116.1
Raleigh,3,0,1091.0
Raleigh,4,0,1151.2
Raleigh,5,0,1145.6
Raleigh,6,0,1154.0
Raleigh,7,0,1174.8
Raleigh,8,0,1160.6
Raleigh,9,0,1158.9
Raleigh,10,0,1128.3
Raleigh,11,0,1158.5
Raleigh,12,0,1159.4
Raleigh,13,0,1120.5
Raleigh,14,0,1033.4
Raleigh,15,0,1045.8
Raleigh,16,0,1034.9
Raleigh,17,0,1031.6
Raleigh,18,0,997.8
Raleigh,19,0,952.9
Raleigh,20,0,996.1
Raleigh,21,0,935.0
Raleigh,22,0,920.3
Raleigh,23,0,954.1
Raleigh,24,0,975.1
Raleigh,25,0,966.7
Raleigh,26,0,983.7
Raleigh,27,0,922.1
Raleigh,28,0,998.3
Raleigh,29,0,992.5
Raleigh,30,0,971.7
Raleigh,31,0,1003.6
Raleigh,32,0,998.0
Raleigh,33,0,1041.2
Raleigh,34,0,1098.0
Raleigh,35,0,1048.2
Raleigh,36,0,1080.8
Raleigh,37,0,1169.8
Raleigh,38,0,1100.8
Raleigh,39,0,1160.8
Raleigh,40,0,1136.4
Raleigh,41,0,1083.9
Raleigh,42,0,1092.8
Raleigh,43,0,1143.8
Raleigh,44,0,1074.6
Raleigh,45,0,1061.7
Raleigh,46,0,1061.1
Raleigh,47,0,1013.2
Raleigh,48,0,994.5
Raleigh,49,0,1002.0
Raleigh,50,0,1018.6
Raleigh,51,0,992.9
Raleigh,52,0,978.3
Nashville,1,0,962.3
Nashville,2,0,999.3
Nashville,3,0,1002.2
Nashville,4,0,1056.8
Nashville,5,0,1079.8
Nashville,6,0,1063.0
Nashville,7,0,1052.9
Nashville,8,0,1085.0
Nashville,9,0,1092.1
Nashville,10,0,1082.8
Nashville,11,0,1060.9
Nashville,12,0,1060.1
Nashville,13,0,1061.5
Nashville,14,0,1053.9
Nashville,15,0,1009.0
Nashville,16,0,1061.7
Nashville,17,0,1005.8
Nashville,18,0,1055.3
Nashville,19,0,1003.6
Nashville,20,0,994.7
Nashville,21,0,983.6
Nashville,22,0,1004.0
Nashville,23,0,1000.7
Nashville,24,0,1007.9
Nashville,25,0,1045.0
Nashville,26,0,978.6
Nashville,27,0,1021.8
Nashville,28,0,991.7
Nashville,29,0,1032.5
Nashville,30,0,1048.7
Nashville,31,0,1047.4
Nashville,32,0,1055.8
Nashville,33,0,1064.8
Nashville,34,0,1088.0
Nashville,35,0,1081.8
Nashville,36,0,1100.6
Nashville,37,0,1099.3
Nashville,38,0,1072.5
Nashville,39,0,1105.8
Nashville,40,0,1070.7
Nashville,41,0,1074.2
Nashville,42,0,1098.3
Nashville,43,0,1049.4
Nashville,44,0,1033.5
Nashville,45,0,1056.4
Nashville,46,0,1006.5
Nashville,47,0,983.2
Nashville,48,0,966.9
Nashville,49,0,921.2
Nashville,50,0,914.2
Nashville,51,0,864.0
Nashville,52,0,927.5
Phoenix,1,0,812.7
Phoenix,2,0,882.7
Phoenix,3,0,931.2
Phoenix,4,0,928.5
Phoenix,5,0,946.2
Phoenix,6,0,978.3
Phoenix,7,0,1003.9
Phoenix,8,0,993.1
Phoenix,9,0,984.7
Phoenix,10,0,968.2
Phoenix,11,0,978.3
Phoenix,12,0,921.4
Phoenix,13,0,894.9
Phoenix,14,0,892.6
Phoenix,15,0,845.5
Phoenix,16,0,813.6
Phoenix,17,0,771.8
Phoenix,18,0,768.8
Phoenix,19,0,778.5
Phoenix,20,0,762.1
Phoenix,21,0,724.3
Phoenix,22,0,734.8
Phoenix,23,0,690.0
Phoenix,24,0,705.0
Phoenix,25,0,737.5
Phoenix,26,0,770.1
Phoenix,27,0,807.3
Phoenix,28,0,804.8
Phoenix,29,0,818.3
Phoenix,30,0,848.4
Phoenix,31,0,885.6
Phoenix,32,0,897.5
Phoenix,33,0,892.5
Phoenix,34,0,922.2
Phoenix,35,0,969.3
Phoenix,36,0,983.4
Phoenix,37,0,964.9
Phoenix,38,0,989.0
Phoenix,39,0,980.4
Phoenix,40,0,1007.9
Phoenix,41,0,1009.1
Phoenix,42,0,938.0
Phoenix,43,0,983.7
Phoenix,44,0,929.4
Phoenix,45,0,958.5
Phoenix,46,0,929.4
Phoenix,47,0,920.4
Phoenix,48,0,846.8
Phoenix,49,0,804.2
Phoenix,50,0,822.8
Phoenix,51,0,754.5
Phoenix,52,0,788.0
Portland,1,0,1324.7
Portland,2,0,1350.9
Portland,3,0,1380.5
Portland,4,0,1356.2
Portland,5,0,1374.8
Portland,6,0,1419.7
Portland,7,0,1396.6
Portland,8,0,1419.3
Portland,9,0,1410.0
Portland,10,0,1399.3
Portland,11,0,1347.2
Portland,12,0,1324.4
Portland,13,0,1327.1
Portland,14,0,1288.6
Portland,15,0,1271.9
Portland,16,0,1275.0
Portland,17,0,1292.6
Portland,18,0,1267.4
Portland,19,0,1195.6
Portland,20,0,1166.8
Portland,21,0,1154.8
Portland,22,0,1179.3
Portland,23,0,1168.7
Portland,24,0,1209.4
Portland,25,0,1184.3
Portland,26,0,1202.7
Portland,27,0,1215.7
Portland,28,0,1230.0
Portland,29,0,1251.9
Portland,30,0,1252.6
Portland,31,0,1284.7
Portland,32,0,1306.1
Portland,33,0,1325.1
Portland,34,0,1382.4
Portland,35,0,1352.7
Portland,36,0,1393.0
Portland,37,0,1352.8
Portland,38,0,1407.0
Portland,39,0,1427.3
Portland,40,0,1419.7
Portland,41,0,1397.9
Portland,42,0,1427.5
Portland,43,0,1435.2
Portland,44,0,1416.5
Portland,45,0,1378.0
Portland,46,0,1373.8
Portland,47,0,1368.7
Portland,48,0,1350.7
Portland,49,0,1309.5
Portland,50,0,1261.0
Portland,51,0,1261.1
Portland,52,0,1220.5
KansasCity,1,0,1211.3
KansasCity,2,0,1164.4
KansasCity,3,0,1258.5
KansasCity,4,0,1223.1
KansasCity,5,0,1285.6
KansasCity,6,0,1244.5
KansasCity,7,0,1277.3
KansasCity,8,0,1282.2
KansasCity,9,0,1269.7
KansasCity,10,0,1294.5
KansasCity,11,0,1223.7
KansasCity,12,0,1214.3
KansasCity,13,0,1221.1
KansasCity,14,0,1153.5
KansasCity,15,0,1153.8
KansasCity,16,0,1113.1
KansasCity,17,0,1089.6
KansasCity,18,0,1008.0
KansasCity,19,0,1021.0
KansasCity,20,0,1021.4
KansasCity,21,0,1024.9
KansasCity,22,0,925.2
KansasCity,23,0,961.2
KansasCity,24,0,904.4
KansasCity,25,0,955.7
KansasCity,26,0,963.4
KansasCity,27,0,985.3
KansasCity,28,0,1021.6
KansasCity,29,0,1049.2
KansasCity,30,0,1054.7
KansasCity,31,0,1109.9
KansasCity,32,0,1095.3
KansasCity,33,0,1125.2
KansasCity,34,0,1160.4
KansasCity,35,0,1178.0
KansasCity,36,0,1232.9
KansasCity,37,0,1237.1
KansasCity,38,0,1234.0
KansasCity,39,0,1254.0
KansasCity,40,0,1228.7
KansasCity,41,0,1228.9
KansasCity,42,0,1178.2
KansasCity,43,0,1200.9
KansasCity,44,0,1195.7
KansasCity,45,0,1184.3
KansasCity,46,0,1093.1
KansasCity,47,0,1061.7
KansasCity,48,0,1071.6
KansasCity,49,0,1062.8
KansasCity,50,0,962.1
KansasCity,51,0,971.0
KansasCity,52,0,962.3
Charlotte,1,0,1005.0
Charlotte,2,0,1048.5
Charlotte,3,0,1060.1
Charlotte,4,0,1071.0
Charlotte,5,0,1073.6
Charlotte,6,0,1129.8
Charlotte,7,0,1126.2
Charlotte,8,0,1129.7
Charlotte,9,0,1085.7
Charlotte,10,0,1104.8
Charlotte,11,0,1129.5
Charlotte,12,0,1155.6
Charlotte,13,0,1087.4
Charlotte,14,0,1063.4
Charlotte,15,0,1059.0
Charlotte,16,0,1045.8
Charlotte,17,0,1038.7
Charlotte,18,0,1013.8
Charlotte,19,0,1057.0
Charlotte,20,0,1001.9
Charlotte,21,0,969.6
Charlotte,22,0,1013.8
Charlotte,23,0,977.1
Charlotte,24,0,996.8
Charlotte,25,0,1049.3
Charlotte,26,0,1000.0
Charlotte,27,0,1007.8
Charlotte,28,0,998.6
Charlotte,29,0,1053.0
Charlotte,30,0,1073.0
Charlotte,31,0,1047.1
Charlotte,32,0,1069.0
Charlotte,33,0,1122.7
Charlotte,34,0,1165.0
Charlotte,35,0,1141.0
Charlotte,36,0,1145.4
Charlotte,37,0,1146.1
Charlotte,38,0,1186.9
Charlotte,39,0,1171.1
Charlotte,40,0,1163.5
Charlotte,41,0,1165.3
Charlotte,42,0,1136.5
Charlotte,43,0,1152.9
Charlotte,44,0,1093.3
Charlotte,45,0,1069.6
Charlotte,46,0,1078.4
Charlotte,47,0,1038.5
Charlotte,48,0,1061.1
Charlotte,49,0,1034.1
Charlotte,50,0,988.8
Charlotte,51,0,968.8
Charlotte,52,0,1031.4
