hospital,month,discharges,readmissions_30d,readmission_rate
H01,2022-01,380,75,0.1974
H01,2022-02,436,93,0.2133
H01,2022-03,416,100,0.2404
H01,2022-04,396,82,0.2071
H01,2022-05,405,73,0.1802
H01,2022-06,433,63,0.1455
H01,2022-07,410,60,0.1463
H01,2022-08,413,80,0.1937
H01,2022-09,451,102,0.2262
H01,2022-10,413,72,0.1743
H01,2022-11,422,79,0.1872
H01,2022-12,436,83,0.1904
H01,2023-01,413,87,0.2107
H01,2023-02,442,77,0.1742
H01,2023-03,420,81,0.1929
H01,2023-04,408,80,0.1961
H01,2023-05,433,89,0.2055
H01,2023-06,438,84,0.1918
H01,2023-07,447,81,0.1812
H01,2023-08,421,78,0.1853
H01,2023-09,433,80,0.1848
H01,2023-10,426,74,0.1737
H01,2023-11,406,85,0.2094
H01,2023-12,409,64,0.1565
H01,2024-01,363,73,0.2011
H01,2024-02,421,72,0.171
H01,2024-03,404,92,0.2277
H01,2024-04,418,66,0.1579
H01,2024-05,423,68,0.1608
H01,2024-06,428,87,0.2033
H01,2024-07,431,75,0.174
H01,2024-08,400,70,0.175
H01,2024-09,413,63,0.1525
H01,2024-10,462,94,0.2035
H01,2024-11,414,86,0.2077
H01,2024-12,444,82,0.1847
H01,2025-01,427,93,0.2178
H01,2025-02,383,69,0.1802
H01,2025-03,455,116,0.2549
H01,2025-04,439,80,0.1822
H01,2025-05,445,69,0.1551
H01,2025-06,443,100,0.2257
H01,2025-07,424,76,0.1792
H01,2025-08,454,73,0.1608
H01,2025-09,412,75,0.182
H01,2025-10,399,72,0.1805
H01,2025-11,448,78,0.1741
H01,2025-12,414,76,0.1836
H02,2022-01,422,67,0.1588
H02,2022-02,433,58,0.1339
H02,2022-03,447,63,0.1409
H02,2022-04,404,47,0.1163
H02,2022-05,415,41,0.0988
H02,2022-06,405,53,0.1309
H02,2022-07,407,56,0.1376
H02,2022-08,426,67,0.1573
H02,2022-09,441,70,0.1587
H02,2022-10,434,64,0.1475
H02,2022-11,388,43,0.1108
H02,2022-12,425,53,0.1247
H02,2023-01,446,54,0.1211
H02,2023-02,465,61,0.1312
H02,2023-03,437,65,0.1487
H02,2023-04,419,54,0.1289
H02,2023-05,421,59,0.1401
H02,2023-06,388,45,0.116
H02,2023-07,425,64,0.1506
H02,2023-08,423,58,0.1371
H02,2023-09,449,61,0.1359
H02,2023-10,399,39,0.0977
H02,2023-11,404,59,0.146
H02,2023-12,402,45,0.1119
H02,2024-01,416,57,0.137
H02,2024-02,449,48,0.1069
H02,2024-03,414,45,0.1087
H02,2024-04,416,64,0.1538
H02,2024-05,382,46,0.1204
H02,2024-06,358,44,0.1229
H02,2024-07,414,53,0.128
H02,2024-08,421,55,0.1306
H02,2024-09,399,56,0.1404
H02,2024-10,436,66,0.1514
H02,2024-11,430,61,0.1419
H02,2024-12,434,57,0.1313
H02,2025-01,408,56,0.1373
H02,2025-02,439,42,0.0957
H02,2025-03,403,60,0.1489
H02,2025-04,401,36,0.0898
H02,2025-05,402,37,0.092
H02,2025-06,392,43,0.1097
H02,2025-07,437,59,0.135
H02,2025-08,437,53,0.1213
H02,2025-09,423,51,0.1206
H02,2025-10,426,53,0.1244
H02,2025-11,381,52,0.1365
H02,2025-12,412,48,0.1165
H03,2022-01,427,82,0.192
H03,2022-02,419,87,0.2076
H03,2022-03,424,97,0.2288
H03,2022-04,429,83,0.1935
H03,2022-05,433,74,0.1709
H03,2022-06,431,79,0.1833
H03,2022-07,432,76,0.1759
H03,2022-08,421,85,0.2019
H03,2022-09,417,86,0.2062
H03,2022-10,404,96,0.2376
H03,2022-11,461,96,0.2082
H03,2022-12,411,73,0.1776
H03,2023-01,405,82,0.2025
H03,2023-02,436,87,0.1995
H03,2023-03,420,80,0.1905
H03,2023-04,399,65,0.1629
H03,2023-05,455,99,0.2176
H03,2023-06,393,79,0.201
H03,2023-07,394,65,0.165
H03,2023-08,404,73,0.1807
H03,2023-09,445,89,0.2
H03,2023-10,427,74,0.1733
H03,2023-11,416,94,0.226
H03,2023-12,412,75,0.182
H03,2024-01,448,103,0.2299
H03,2024-02,426,80,0.1878
H03,2024-03,403,84,0.2084
H03,2024-04,433,83,0.1917
H03,2024-05,415,84,0.2024
H03,2024-06,449,92,0.2049
H03,2024-07,413,78,0.1889
H03,2024-08,413,70,0.1695
H03,2024-09,403,77,0.1911
H03,2024-10,393,63,0.1603
H03,2024-11,415,98,0.2361
H03,2024-12,405,91,0.2247
H03,2025-01,393,81,0.2061
H03,2025-02,434,89,0.2051
H03,2025-03,414,98,0.2367
H03,2025-04,415,65,0.1566
H03,2025-05,469,79,0.1684
H03,2025-06,426,97,0.2277
H03,2025-07,420,83,0.1976
H03,2025-08,397,75,0.1889
H03,2025-09,431,72,0.1671
H03,2025-10,429,80,0.1865
H03,2025-11,429,98,0.2284
H03,2025-12,417,87,0.2086
H04,2022-01,424,50,0.1179
H04,2022-02,389,49,0.126
H04,2022-03,436,49,0.1124
H04,2022-04,380,49,0.1289
H04,2022-05,430,50,0.1163
H04,2022-06,391,33,0.0844
H04,2022-07,376,41,0.109
H04,2022-08,406,47,0.1158
H04,2022-09,398,43,0.108
H04,2022-10,432,49,0.1134
H04,2022-11,421,62,0.1473
H04,2022-12,431,54,0.1253
H04,2023-01,441,41,0.093
H04,2023-02,418,50,0.1196
H04,2023-03,423,57,0.1348
H04,2023-04,430,56,0.1302
H04,2023-05,427,45,0.1054
H04,2023-06,411,49,0.1192
H04,2023-07,387,51,0.1318
H04,2023-08,412,44,0.1068
H04,2023-09,413,43,0.1041
H04,2023-10,445,47,0.1056
H04,2023-11,432,50,0.1157
H04,2023-12,423,57,0.1348
H04,2024-01,426,71,0.1667
H04,2024-02,437,62,0.1419
H04,2024-03,402,52,0.1294
H04,2024-04,390,42,0.1077
H04,2024-05,409,49,0.1198
H04,2024-06,429,57,0.1329
H04,2024-07,422,45,0.1066
H04,2024-08,415,40,0.0964
H04,2024-09,452,59,0.1305
H04,2024-10,422,48,0.1137
H04,2024-11,397,57,0.1436
H04,2024-12,385,37,0.0961
H04,2025-01,433,46,0.1062
H04,2025-02,407,64,0.1572
H04,2025-03,400,56,0.14
H04,2025-04,405,47,0.116
H04,2025-05,445,40,0.0899
H04,2025-06,442,64,0.1448
H04,2025-07,374,44,0.1176
H04,2025-08,403,43,0.1067
H04,2025-09,382,43,0.1126
H04,2025-10,402,52,0.1294
H04,2025-11,406,47,0.1158
H04,2025-12,415,48,0.1157
H05,2022-01,400,67,0.1675
H05,2022-02,382,60,0.1571
H05,2022-03,430,77,0.1791
H05,2022-04,449,86,0.1915
H05,2022-05,437,85,0.1945
H05,2022-06,419,52,0.1241
H05,2022-07,399,75,0.188
H05,2022-08,410,62,0.1512
H05,2022-09,388,66,0.1701
H05,2022-10,400,63,0.1575
H05,2022-11,446,74,0.1659
H05,2022-12,446,84,0.1883
H05,2023-01,444,86,0.1937
H05,2023-02,400,69,0.1725
H05,2023-03,425,64,0.1506
H05,2023-04,452,77,0.1704
H05,2023-05,416,55,0.1322
H05,2023-06,412,71,0.1723
H05,2023-07,404,78,0.1931
H05,2023-08,454,73,0.1608
H05,2023-09,439,80,0.1822
H05,2023-10,387,54,0.1395
H05,2023-11,446,75,0.1682
H05,2023-12,463,90,0.1944
H05,2024-01,463,108,0.2333
H05,2024-02,410,78,0.1902
H05,2024-03,400,50,0.125
H05,2024-04,416,71,0.1707
H05,2024-05,406,56,0.1379
H05,2024-06,360,64,0.1778
H05,2024-07,416,71,0.1707
H05,2024-08,431,86,0.1995
H05,2024-09,406,67,0.165
H05,2024-10,397,64,0.1612
H05,2024-11,408,68,0.1667
H05,2024-12,399,86,0.2155
H05,2025-01,424,86,0.2028
H05,2025-02,382,63,0.1649
H05,2025-03,423,74,0.1749
H05,2025-04,424,65,0.1533
H05,2025-05,439,69,0.1572
H05,2025-06,424,71,0.1675
H05,2025-07,420,73,0.1738
H05,2025-08,422,67,0.1588
H05,2025-09,440,77,0.175
H05,2025-10,432,73,0.169
H05,2025-11,426,94,0.2207
H05,2025-12,430,82,0.1907
H06,2022-01,430,57,0.1326
H06,2022-02,438,50,0.1142
H06,2022-03,437,45,0.103
H06,2022-04,377,49,0.13
H06,2022-05,417,50,0.1199
H06,2022-06,400,44,0.11
H06,2022-07,469,53,0.113
H06,2022-08,428,58,0.1355
H06,2022-09,402,56,0.1393
H06,2022-10,404,42,0.104
H06,2022-11,408,49,0.1201
H06,2022-12,432,62,0.1435
H06,2023-01,404,40,0.099
H06,2023-02,412,60,0.1456
H06,2023-03,401,56,0.1397
H06,2023-04,448,52,0.1161
H06,2023-05,425,55,0.1294
H06,2023-06,397,42,0.1058
H06,2023-07,434,52,0.1198
H06,2023-08,436,42,0.0963
H06,2023-09,415,46,0.1108
H06,2023-10,399,44,0.1103
H06,2023-11,432,56,0.1296
H06,2023-12,420,53,0.1262
H06,2024-01,397,49,0.1234
H06,2024-02,420,47,0.1119
H06,2024-03,434,55,0.1267
H06,2024-04,422,57,0.1351
H06,2024-05,461,57,0.1236
H06,2024-06,377,36,0.0955
H06,2024-07,424,47,0.1108
H06,2024-08,404,53,0.1312
H06,2024-09,413,48,0.1162
H06,2024-10,410,57,0.139
H06,2024-11,428,54,0.1262
H06,2024-12,402,56,0.1393
H06,2025-01,423,54,0.1277
H06,2025-02,439,56,0.1276
H06,2025-03,444,60,0.1351
H06,2025-04,428,59,0.1379
H06,2025-05,411,45,0.1095
H06,2025-06,377,45,0.1194
H06,2025-07,414,52,0.1256
H06,2025-08,434,47,0.1083
H06,2025-09,430,48,0.1116
H06,2025-10,417,48,0.1151
H06,2025-11,398,63,0.1583
H06,2025-12,394,36,0.0914
H07,2022-01,415,86,0.2072
H07,2022-02,437,74,0.1693
H07,2022-03,426,89,0.2089
H07,2022-04,410,86,0.2098
H07,2022-05,433,72,0.1663
H07,2022-06,413,80,0.1937
H07,2022-07,423,82,0.1939
H07,2022-08,441,60,0.1361
H07,2022-09,419,67,0.1599
H07,2022-10,416,88,0.2115
H07,2022-11,432,86,0.1991
H07,2022-12,420,86,0.2048
H07,2023-01,373,67,0.1796
H07,2023-02,460,93,0.2022
H07,2023-03,432,77,0.1782
H07,2023-04,422,73,0.173
H07,2023-05,436,67,0.1537
H07,2023-06,407,84,0.2064
H07,2023-07,396,80,0.202
H07,2023-08,435,73,0.1678
H07,2023-09,416,85,0.2043
H07,2023-10,401,74,0.1845
H07,2023-11,416,89,0.2139
H07,2023-12,418,73,0.1746
H07,2024-01,398,78,0.196
H07,2024-02,442,96,0.2172
H07,2024-03,412,76,0.1845
H07,2024-04,384,72,0.1875
H07,2024-05,419,66,0.1575
H07,2024-06,435,89,0.2046
H07,2024-07,465,85,0.1828
H07,2024-08,417,77,0.1847
H07,2024-09,384,82,0.2135
H07,2024-10,421,73,0.1734
H07,2024-11,379,84,0.2216
H07,2024-12,430,82,0.1907
H07,2025-01,437,54,0.1236
H07,2025-02,450,56,0.1244
H07,2025-03,413,50,0.1211
H07,2025-04,416,57,0.137
H07,2025-05,402,44,0.1095
H07,2025-06,425,62,0.1459
H07,2025-07,413,49,0.1186
H07,2025-08,411,57,0.1387
H07,2025-09,400,49,0.1225
H07,2025-10,384,59,0.1536
H07,2025-11,424,56,0.1321
H07,2025-12,383,45,0.1175
H08,2022-01,420,55,0.131
H08,2022-02,446,46,0.1031
H08,2022-03,399,48,0.1203
H08,2022-04,423,52,0.1229
H08,2022-05,422,44,0.1043
H08,2022-06,430,59,0.1372
H08,2022-07,404,48,0.1188
H08,2022-08,430,63,0.1465
H08,2022-09,416,49,0.1178
H08,2022-10,435,52,0.1195
H08,2022-11,412,44,0.1068
H08,2022-12,430,59,0.1372
H08,2023-01,419,58,0.1384
H08,2023-02,438,53,0.121
H08,2023-03,425,52,0.1224
H08,2023-04,405,45,0.1111
H08,2023-05,401,43,0.1072
H08,2023-06,412,47,0.1141
H08,2023-07,420,56,0.1333
H08,2023-08,435,40,0.092
H08,2023-09,431,45,0.1044
H08,2023-10,422,44,0.1043
H08,2023-11,413,52,0.1259
H08,2023-12,400,48,0.12
H08,2024-01,412,54,0.1311
H08,2024-02,419,49,0.1169
H08,2024-03,459,38,0.0828
H08,2024-04,417,57,0.1367
H08,2024-05,440,56,0.1273
H08,2024-06,414,53,0.128
H08,2024-07,395,48,0.1215
H08,2024-08,436,55,0.1261
H08,2024-09,409,50,0.1222
H08,2024-10,401,43,0.1072
H08,2024-11,419,47,0.1122
H08,2024-12,428,53,0.1238
H08,2025-01,410,68,0.1659
H08,2025-02,472,56,0.1186
H08,2025-03,448,49,0.1094
H08,2025-04,452,47,0.104
H08,2025-05,450,57,0.1267
H08,2025-06,453,56,0.1236
H08,2025-07,461,52,0.1128
H08,2025-08,403,40,0.0993
H08,2025-09,418,42,0.1005
H08,2025-10,420,54,0.1286
H08,2025-11,427,40,0.0937
H08,2025-12,458,57,0.1245
H09,2022-01,397,70,0.1763
H09,2022-02,427,68,0.1593
H09,2022-03,410,73,0.178
H09,2022-04,417,76,0.1823
H09,2022-05,429,60,0.1399
H09,2022-06,453,74,0.1634
H09,2022-07,393,58,0.1476
H09,2022-08,423,60,0.1418
H09,2022-09,411,72,0.1752
H09,2022-10,432,65,0.1505
H09,2022-11,446,77,0.1726
H09,2022-12,397,78,0.1965
H09,2023-01,436,70,0.1606
H09,2023-02,466,81,0.1738
H09,2023-03,403,62,0.1538
H09,2023-04,421,79,0.1876
H09,2023-05,402,76,0.1891
H09,2023-06,397,59,0.1486
H09,2023-07,397,75,0.1889
H09,2023-08,390,67,0.1718
H09,2023-09,397,66,0.1662
H09,2023-10,424,58,0.1368
H09,2023-11,405,63,0.1556
H09,2023-12,454,79,0.174
H09,2024-01,425,71,0.1671
H09,2024-02,442,65,0.1471
H09,2024-03,422,70,0.1659
H09,2024-04,424,74,0.1745
H09,2024-05,421,59,0.1401
H09,2024-06,446,82,0.1839
H09,2024-07,418,50,0.1196
H09,2024-08,455,75,0.1648
H09,2024-09,373,67,0.1796
H09,2024-10,456,88,0.193
H09,2024-11,397,76,0.1914
H09,2024-12,420,91,0.2167
H09,2025-01,414,82,0.1981
H09,2025-02,424,65,0.1533
H09,2025-03,430,68,0.1581
H09,2025-04,419,73,0.1742
H09,2025-05,401,58,0.1446
H09,2025-06,381,64,0.168
H09,2025-07,456,87,0.1908
H09,2025-08,453,72,0.1589
H09,2025-09,432,73,0.169
H09,2025-10,383,89,0.2324
H09,2025-11,399,68,0.1704
H09,2025-12,413,78,0.1889
H10,2022-01,421,78,0.1853
H10,2022-02,417,82,0.1966
H10,2022-03,428,78,0.1822
H10,2022-04,418,59,0.1411
H10,2022-05,410,68,0.1659
H10,2022-06,403,61,0.1514
H10,2022-07,385,66,0.1714
H10,2022-08,417,82,0.1966
H10,2022-09,416,64,0.1538
H10,2022-10,421,71,0.1686
H10,2022-11,417,85,0.2038
H10,2022-12,422,69,0.1635
H10,2023-01,438,84,0.1918
H10,2023-02,423,70,0.1655
H10,2023-03,416,92,0.2212
H10,2023-04,412,76,0.1845
H10,2023-05,429,77,0.1795
H10,2023-06,394,67,0.1701
H10,2023-07,404,67,0.1658
H10,2023-08,436,75,0.172
H10,2023-09,373,59,0.1582
H10,2023-10,430,63,0.1465
H10,2023-11,406,83,0.2044
H10,2023-12,421,75,0.1781
H10,2024-01,413,80,0.1937
H10,2024-02,428,64,0.1495
H10,2024-03,418,72,0.1722
H10,2024-04,453,87,0.1921
H10,2024-05,444,68,0.1532
H10,2024-06,447,87,0.1946
H10,2024-07,382,76,0.199
H10,2024-08,402,60,0.1493
H10,2024-09,405,78,0.1926
H10,2024-10,403,85,0.2109
H10,2024-11,436,81,0.1858
H10,2024-12,401,78,0.1945
H10,2025-01,437,86,0.1968
H10,2025-02,398,61,0.1533
H10,2025-03,443,68,0.1535
H10,2025-04,407,79,0.1941
H10,2025-05,426,64,0.1502
H10,2025-06,387,54,0.1395
H10,2025-07,406,68,0.1675
H10,2025-08,451,73,0.1619
H10,2025-09,461,56,0.1215
H10,2025-10,446,80,0.1794
H10,2025-11,423,85,0.2009
H10,2025-12,432,73,0.169
H11,2022-01,431,66,0.1531
H11,2022-02,412,63,0.1529
H11,2022-03,398,57,0.1432
H11,2022-04,426,66,0.1549
H11,2022-05,402,59,0.1468
H11,2022-06,413,58,0.1404
H11,2022-07,401,45,0.1122
H11,2022-08,379,47,0.124
H11,2022-09,407,50,0.1229
H11,2022-10,399,57,0.1429
H11,2022-11,419,46,0.1098
H11,2022-12,428,61,0.1425
H11,2023-01,437,60,0.1373
H11,2023-02,445,65,0.1461
H11,2023-03,400,66,0.165
H11,2023-04,406,58,0.1429
H11,2023-05,430,58,0.1349
H11,2023-06,403,53,0.1315
H11,2023-07,430,49,0.114
H11,2023-08,450,46,0.1022
H11,2023-09,414,43,0.1039
H11,2023-10,405,58,0.1432
H11,2023-11,393,64,0.1628
H11,2023-12,402,49,0.1219
H11,2024-01,397,58,0.1461
H11,2024-02,384,49,0.1276
H11,2024-03,416,54,0.1298
H11,2024-04,403,46,0.1141
H11,2024-05,393,43,0.1094
H11,2024-06,413,63,0.1525
H11,2024-07,427,61,0.1429
H11,2024-08,398,64,0.1608
H11,2024-09,453,64,0.1413
H11,2024-10,427,56,0.1311
H11,2024-11,440,76,0.1727
H11,2024-12,432,64,0.1481
H11,2025-01,433,76,0.1755
H11,2025-02,409,62,0.1516
H11,2025-03,439,66,0.1503
H11,2025-04,405,66,0.163
H11,2025-05,405,55,0.1358
H11,2025-06,416,44,0.1058
H11,2025-07,435,55,0.1264
H11,2025-08,386,49,0.1269
H11,2025-09,413,56,0.1356
H11,2025-10,426,60,0.1408
H11,2025-11,411,61,0.1484
H11,2025-12,400,61,0.1525
H12,2022-01,445,65,0.1461
H12,2022-02,414,64,0.1546
H12,2022-03,412,64,0.1553
H12,2022-04,391,67,0.1714
H12,2022-05,428,60,0.1402
H12,2022-06,388,64,0.1649
H12,2022-07,425,67,0.1576
H12,2022-08,406,60,0.1478
H12,2022-09,433,70,0.1617
H12,2022-10,441,71,0.161
H12,2022-11,446,94,0.2108
H12,2022-12,389,61,0.1568
H12,2023-01,389,66,0.1697
H12,2023-02,483,82,0.1698
H12,2023-03,430,80,0.186
H12,2023-04,435,72,0.1655
H12,2023-05,423,64,0.1513
H12,2023-06,419,57,0.136
H12,2023-07,443,67,0.1512
H12,2023-08,424,61,0.1439
H12,2023-09,427,68,0.1593
H12,2023-10,389,66,0.1697
H12,2023-11,398,69,0.1734
H12,2023-12,417,57,0.1367
H12,2024-01,413,67,0.1622
H12,2024-02,414,72,0.1739
H12,2024-03,426,65,0.1526
H12,2024-04,444,65,0.1464
H12,2024-05,396,73,0.1843
H12,2024-06,421,66,0.1568
H12,2024-07,387,62,0.1602
H12,2024-08,421,48,0.114
H12,2024-09,434,64,0.1475
H12,2024-10,399,72,0.1805
H12,2024-11,401,59,0.1471
H12,2024-12,428,59,0.1379
H12,2025-01,419,88,0.21
H12,2025-02,458,77,0.1681
H12,2025-03,399,77,0.193
H12,2025-04,443,80,0.1806
H12,2025-05,434,77,0.1774
H12,2025-06,469,71,0.1514
H12,2025-07,439,60,0.1367
H12,2025-08,448,84,0.1875
H12,2025-09,398,65,0.1633
H12,2025-10,462,71,0.1537
H12,2025-11,436,60,0.1376
H12,2025-12,393,71,0.1807
H13,2022-01,407,69,0.1695
H13,2022-02,429,52,0.1212
H13,2022-03,453,71,0.1567
H13,2022-04,406,36,0.0887
H13,2022-05,418,43,0.1029
H13,2022-06,411,48,0.1168
H13,2022-07,423,54,0.1277
H13,2022-08,393,40,0.1018
H13,2022-09,405,46,0.1136
H13,2022-10,426,73,0.1714
H13,2022-11,428,59,0.1379
H13,2022-12,406,57,0.1404
H13,2023-01,406,58,0.1429
H13,2023-02,402,54,0.1343
H13,2023-03,417,62,0.1487
H13,2023-04,422,60,0.1422
H13,2023-05,392,59,0.1505
H13,2023-06,413,52,0.1259
H13,2023-07,435,57,0.131
H13,2023-08,417,53,0.1271
H13,2023-09,413,47,0.1138
H13,2023-10,425,52,0.1224
H13,2023-11,425,67,0.1576
H13,2023-12,405,46,0.1136
H13,2024-01,391,55,0.1407
H13,2024-02,445,53,0.1191
H13,2024-03,395,58,0.1468
H13,2024-04,426,54,0.1268
H13,2024-05,401,46,0.1147
H13,2024-06,429,58,0.1352
H13,2024-07,435,45,0.1034
H13,2024-08,413,40,0.0969
H13,2024-09,422,51,0.1209
H13,2024-10,446,52,0.1166
H13,2024-11,389,58,0.1491
H13,2024-12,446,54,0.1211
H13,2025-01,431,65,0.1508
H13,2025-02,406,50,0.1232
H13,2025-03,440,62,0.1409
H13,2025-04,434,47,0.1083
H13,2025-05,431,48,0.1114
H13,2025-06,425,51,0.12
H13,2025-07,435,52,0.1195
H13,2025-08,423,50,0.1182
H13,2025-09,397,43,0.1083
H13,2025-10,393,55,0.1399
H13,2025-11,422,58,0.1374
H13,2025-12,442,59,0.1335
H14,2022-01,431,60,0.1392
H14,2022-02,401,73,0.182
H14,2022-03,374,62,0.1658
H14,2022-04,440,79,0.1795
H14,2022-05,438,70,0.1598
H14,2022-06,422,68,0.1611
H14,2022-07,432,68,0.1574
H14,2022-08,424,68,0.1604
H14,2022-09,406,65,0.1601
H14,2022-10,454,64,0.141
H14,2022-11,417,57,0.1367
H14,2022-12,431,66,0.1531
H14,2023-01,431,67,0.1555
H14,2023-02,432,68,0.1574
H14,2023-03,404,53,0.1312
H14,2023-04,424,66,0.1557
H14,2023-05,398,60,0.1508
H14,2023-06,383,42,0.1097
H14,2023-07,419,50,0.1193
H14,2023-08,461,77,0.167
H14,2023-09,461,76,0.1649
H14,2023-10,395,54,0.1367
H14,2023-11,394,66,0.1675
H14,2023-12,425,64,0.1506
H14,2024-01,426,60,0.1408
H14,2024-02,425,66,0.1553
H14,2024-03,419,78,0.1862
H14,2024-04,439,65,0.1481
H14,2024-05,434,61,0.1406
H14,2024-06,445,62,0.1393
H14,2024-07,419,71,0.1695
H14,2024-08,441,60,0.1361
H14,2024-09,447,55,0.123
H14,2024-10,409,73,0.1785
H14,2024-11,400,66,0.165
H14,2024-12,415,57,0.1373
H14,2025-01,402,57,0.1418
H14,2025-02,410,58,0.1415
H14,2025-03,450,70,0.1556
H14,2025-04,380,54,0.1421
H14,2025-05,453,73,0.1611
H14,2025-06,420,41,0.0976
H14,2025-07,428,57,0.1332
H14,2025-08,397,49,0.1234
H14,2025-09,418,55,0.1316
H14,2025-10,409,57,0.1394
H14,2025-11,413,73,0.1768
H14,2025-12,417,61,0.1463
H15,2022-01,425,73,0.1718
H15,2022-02,409,76,0.1858
H15,2022-03,423,84,0.1986
H15,2022-04,440,66,0.15
H15,2022-05,389,68,0.1748
H15,2022-06,456,79,0.1732
H15,2022-07,407,68,0.1671
H15,2022-08,411,72,0.1752
H15,2022-09,403,79,0.196
H15,2022-10,414,64,0.1546
H15,2022-11,419,100,0.2387
H15,2022-12,412,70,0.1699
H15,2023-01,448,90,0.2009
H15,2023-02,419,79,0.1885
H15,2023-03,477,92,0.1929
H15,2023-04,448,85,0.1897
H15,2023-05,392,64,0.1633
H15,2023-06,407,68,0.1671
H15,2023-07,403,69,0.1712
H15,2023-08,412,62,0.1505
H15,2023-09,398,80,0.201
H15,2023-10,403,64,0.1588
H15,2023-11,384,73,0.1901
H15,2023-12,427,79,0.185
H15,2024-01,442,83,0.1878
H15,2024-02,438,71,0.1621
H15,2024-03,432,88,0.2037
H15,2024-04,398,65,0.1633
H15,2024-05,402,73,0.1816
H15,2024-06,407,65,0.1597
H15,2024-07,425,88,0.2071
H15,2024-08,428,89,0.2079
H15,2024-09,442,64,0.1448
H15,2024-10,405,73,0.1802
H15,2024-11,372,78,0.2097
H15,2024-12,374,61,0.1631
H15,2025-01,362,69,0.1906
H15,2025-02,437,78,0.1785
H15,2025-03,387,88,0.2274
H15,2025-04,435,91,0.2092
H15,2025-05,416,82,0.1971
H15,2025-06,433,89,0.2055
H15,2025-07,374,66,0.1765
H15,2025-08,393,73,0.1858
H15,2025-09,432,83,0.1921
H15,2025-10,399,93,0.2331
H15,2025-11,403,70,0.1737
H15,2025-12,421,74,0.1758
H16,2022-01,394,69,0.1751
H16,2022-02,401,60,0.1496
H16,2022-03,438,83,0.1895
H16,2022-04,464,70,0.1509
H16,2022-05,460,73,0.1587
H16,2022-06,460,75,0.163
H16,2022-07,396,59,0.149
H16,2022-08,419,65,0.1551
H16,2022-09,410,81,0.1976
H16,2022-10,440,70,0.1591
H16,2022-11,427,68,0.1593
H16,2022-12,383,63,0.1645
H16,2023-01,420,79,0.1881
H16,2023-02,413,59,0.1429
H16,2023-03,409,74,0.1809
H16,2023-04,422,55,0.1303
H16,2023-05,414,55,0.1329
H16,2023-06,443,74,0.167
H16,2023-07,397,72,0.1814
H16,2023-08,427,43,0.1007
H16,2023-09,418,69,0.1651
H16,2023-10,428,75,0.1752
H16,2023-11,400,69,0.1725
H16,2023-12,416,74,0.1779
H16,2024-01,442,73,0.1652
H16,2024-02,401,60,0.1496
H16,2024-03,406,71,0.1749
H16,2024-04,433,80,0.1848
H16,2024-05,389,53,0.1362
H16,2024-06,431,59,0.1369
H16,2024-07,413,67,0.1622
H16,2024-08,417,74,0.1775
H16,2024-09,413,58,0.1404
H16,2024-10,422,58,0.1374
H16,2024-11,419,70,0.1671
H16,2024-12,428,61,0.1425
H16,2025-01,410,74,0.1805
H16,2025-02,425,62,0.1459
H16,2025-03,388,76,0.1959
H16,2025-04,420,65,0.1548
H16,2025-05,441,66,0.1497
H16,2025-06,382,58,0.1518
H16,2025-07,391,63,0.1611
H16,2025-08,413,69,0.1671
H16,2025-09,382,47,0.123
H16,2025-10,408,79,0.1936
H16,2025-11,454,88,0.1938
H16,2025-12,417,67,0.1607
H17,2022-01,392,60,0.1531
H17,2022-02,424,48,0.1132
H17,2022-03,448,65,0.1451
H17,2022-04,375,70,0.1867
H17,2022-05,420,51,0.1214
H17,2022-06,412,69,0.1675
H17,2022-07,432,59,0.1366
H17,2022-08,353,55,0.1558
H17,2022-09,409,56,0.1369
H17,2022-10,422,62,0.1469
H17,2022-11,443,67,0.1512
H17,2022-12,428,77,0.1799
H17,2023-01,425,50,0.1176
H17,2023-02,406,51,0.1256
H17,2023-03,427,71,0.1663
H17,2023-04,440,67,0.1523
H17,2023-05,436,70,0.1606
H17,2023-06,447,46,0.1029
H17,2023-07,427,66,0.1546
H17,2023-08,439,56,0.1276
H17,2023-09,445,61,0.1371
H17,2023-10,416,65,0.1562
H17,2023-11,412,52,0.1262
H17,2023-12,470,77,0.1638
H17,2024-01,428,64,0.1495
H17,2024-02,435,52,0.1195
H17,2024-03,411,59,0.1436
H17,2024-04,404,51,0.1262
H17,2024-05,417,60,0.1439
H17,2024-06,413,61,0.1477
H17,2024-07,420,70,0.1667
H17,2024-08,383,51,0.1332
H17,2024-09,399,53,0.1328
H17,2024-10,424,64,0.1509
H17,2024-11,436,78,0.1789
H17,2024-12,439,65,0.1481
H17,2025-01,447,64,0.1432
H17,2025-02,390,73,0.1872
H17,2025-03,410,64,0.1561
H17,2025-04,436,73,0.1674
H17,2025-05,431,50,0.116
H17,2025-06,430,59,0.1372
H17,2025-07,434,82,0.1889
H17,2025-08,446,73,0.1637
H17,2025-09,441,57,0.1293
H17,2025-10,400,58,0.145
H17,2025-11,454,69,0.152
H17,2025-12,410,54,0.1317
H18,2022-01,423,65,0.1537
H18,2022-02,452,67,0.1482
H18,2022-03,445,75,0.1685
H18,2022-04,476,61,0.1282
H18,2022-05,395,50,0.1266
H18,2022-06,432,76,0.1759
H18,2022-07,423,56,0.1324
H18,2022-08,441,44,0.0998
H18,2022-09,425,59,0.1388
H18,2022-10,394,68,0.1726
H18,2022-11,434,63,0.1452
H18,2022-12,407,56,0.1376
H18,2023-01,463,75,0.162
H18,2023-02,397,64,0.1612
H18,2023-03,404,60,0.1485
H18,2023-04,406,42,0.1034
H18,2023-05,401,51,0.1272
H18,2023-06,438,39,0.089
H18,2023-07,416,49,0.1178
H18,2023-08,400,45,0.1125
H18,2023-09,424,64,0.1509
H18,2023-10,434,65,0.1498
H18,2023-11,444,73,0.1644
H18,2023-12,396,67,0.1692
H18,2024-01,427,74,0.1733
H18,2024-02,436,69,0.1583
H18,2024-03,408,60,0.1471
H18,2024-04,410,62,0.1512
H18,2024-05,407,45,0.1106
H18,2024-06,412,53,0.1286
H18,2024-07,421,57,0.1354
H18,2024-08,423,62,0.1466
H18,2024-09,407,50,0.1229
H18,2024-10,418,65,0.1555
H18,2024-11,401,59,0.1471
H18,2024-12,432,67,0.1551
H18,2025-01,417,64,0.1535
H18,2025-02,419,59,0.1408
H18,2025-03,437,66,0.151
H18,2025-04,400,46,0.115
H18,2025-05,423,57,0.1348
H18,2025-06,392,49,0.125
H18,2025-07,419,59,0.1408
H18,2025-08,402,51,0.1269
H18,2025-09,403,61,0.1514
H18,2025-10,420,74,0.1762
H18,2025-11,424,69,0.1627
H18,2025-12,402,64,0.1592
H19,2022-01,439,53,0.1207
H19,2022-02,419,54,0.1289
H19,2022-03,426,62,0.1455
H19,2022-04,413,59,0.1429
H19,2022-05,413,43,0.1041
H19,2022-06,446,52,0.1166
H19,2022-07,386,43,0.1114
H19,2022-08,398,48,0.1206
H19,2022-09,419,43,0.1026
H19,2022-10,430,55,0.1279
H19,2022-11,447,49,0.1096
H19,2022-12,408,45,0.1103
H19,2023-01,415,47,0.1133
H19,2023-02,435,58,0.1333
H19,2023-03,437,53,0.1213
H19,2023-04,426,59,0.1385
H19,2023-05,472,46,0.0975
H19,2023-06,438,54,0.1233
H19,2023-07,412,60,0.1456
H19,2023-08,399,48,0.1203
H19,2023-09,409,48,0.1174
H19,2023-10,444,53,0.1194
H19,2023-11,438,49,0.1119
H19,2023-12,413,49,0.1186
H19,2024-01,435,61,0.1402
H19,2024-02,425,57,0.1341
H19,2024-03,427,50,0.1171
H19,2024-04,425,55,0.1294
H19,2024-05,378,55,0.1455
H19,2024-06,442,68,0.1538
H19,2024-07,426,57,0.1338
H19,2024-08,422,48,0.1137
H19,2024-09,400,52,0.13
H19,2024-10,408,51,0.125
H19,2024-11,424,62,0.1462
H19,2024-12,438,42,0.0959
H19,2025-01,412,49,0.1189
H19,2025-02,410,47,0.1146
H19,2025-03,438,71,0.1621
H19,2025-04,426,41,0.0962
H19,2025-05,380,37,0.0974
H19,2025-06,370,37,0.1
H19,2025-07,427,42,0.0984
H19,2025-08,392,37,0.0944
H19,2025-09,400,41,0.1025
H19,2025-10,409,54,0.132
H19,2025-11,431,60,0.1392
H19,2025-12,392,47,0.1199
H20,2022-01,416,47,0.113
H20,2022-02,395,53,0.1342
H20,2022-03,419,41,0.0979
H20,2022-04,436,57,0.1307
H20,2022-05,445,47,0.1056
H20,2022-06,444,56,0.1261
H20,2022-07,408,47,0.1152
H20,2022-08,436,43,0.0986
H20,2022-09,416,47,0.113
H20,2022-10,416,48,0.1154
H20,2022-11,440,58,0.1318
H20,2022-12,419,55,0.1313
H20,2023-01,458,63,0.1376
H20,2023-02,412,45,0.1092
H20,2023-03,417,42,0.1007
H20,2023-04,450,63,0.14
H20,2023-05,404,54,0.1337
H20,2023-06,422,43,0.1019
H20,2023-07,452,42,0.0929
H20,2023-08,424,36,0.0849
H20,2023-09,402,42,0.1045
H20,2023-10,416,47,0.113
H20,2023-11,398,43,0.108
H20,2023-12,418,41,0.0981
H20,2024-01,435,44,0.1011
H20,2024-02,411,35,0.0852
H20,2024-03,424,52,0.1226
H20,2024-04,426,36,0.0845
H20,2024-05,435,48,0.1103
H20,2024-06,417,46,0.1103
H20,2024-07,435,47,0.108
H20,2024-08,343,45,0.1312
H20,2024-09,431,52,0.1206
H20,2024-10,409,43,0.1051
H20,2024-11,416,43,0.1034
H20,2024-12,467,61,0.1306
H20,2025-01,436,57,0.1307
H20,2025-02,430,43,0.1
H20,2025-03,453,65,0.1435
H20,2025-04,438,54,0.1233
H20,2025-05,392,42,0.1071
H20,2025-06,370,39,0.1054
H20,2025-07,395,35,0.0886
H20,2025-08,383,39,0.1018
H20,2025-09,404,37,0.0916
H20,2025-10,443,60,0.1354
H20,2025-11,428,56,0.1308
H20,2025-12,419,42,0.1002
